fit_id,approximator,master_seed,n_transitions,lambda_dimensionless,query_class,state_neighbor_count,query_count,d_min_mean,d_min_median,d_min_q25,d_min_q75,d_min_min,d_min_max
adafnn-n2000-lambda0.001-seed00,adafnn,0,2000,0.001,behavior,16,2000,0.1708425281551066,0.1380352969701763,0.0569250225768598,0.2446595229939741,0.002280052217485,0.9753021061902484
adafnn-n2000-lambda0.001-seed00,adafnn,0,2000,0.001,learned,16,2000,1.651439514112921,1.42974402743637,0.539505211516306,2.457510015178478,0.1105372612730257,3.948374847579644
adafnn-n2000-lambda0.001-seed00,adafnn,0,2000,0.001,behavior,32,2000,0.1481078779115569,0.1217358397044071,0.0492064527946914,0.2142807628356921,0.002280052217485,0.9753021061902484
adafnn-n2000-lambda0.001-seed00,adafnn,0,2000,0.001,learned,32,2000,1.560439986571657,1.3309881496623008,0.4062929432860397,2.37513233781462,0.1009049161856413,3.905143404750057
adafnn-n2000-lambda0.001-seed00,adafnn,0,2000,0.001,behavior,64,2000,0.1316505268121473,0.1069908955654317,0.0443564739081672,0.1929634320758498,0.002280052217485,0.7685528249165682
adafnn-n2000-lambda0.001-seed00,adafnn,0,2000,0.001,learned,64,2000,1.4397397248982136,1.2057716243533432,0.32732349223084,2.1753569105198447,0.091228532729792,3.8395154080714
adafnn-n2000-lambda0.001-seed00,adafnn,0,2000,0.001,behavior,128,2000,0.1198809717685063,0.0958670593323645,0.0405307475711504,0.1770033820222731,0.002280052217485,0.6939361898449445
adafnn-n2000-lambda0.001-seed00,adafnn,0,2000,0.001,learned,128,2000,1.26471777306279,1.051472227831358,0.2331249457376614,1.949588283124243,0.0825894491262373,3.6518217075057153
adafnn-n2000-lambda0.001-seed01,adafnn,1,2000,0.001,behavior,16,2000,0.179057056849603,0.1574573230372822,0.0653868702638861,0.2588060417129261,0.0031801124203052,1.261433865638283
adafnn-n2000-lambda0.001-seed01,adafnn,1,2000,0.001,learned,16,2000,1.5721033547065757,1.6171148698387314,0.5776718256312436,2.122420796490578,0.0350250244044588,3.9575538372707135
adafnn-n2000-lambda0.001-seed01,adafnn,1,2000,0.001,behavior,32,2000,0.1551397551672801,0.1357169753226293,0.0561478218506205,0.2272763610926754,0.0031801124203052,0.7614790586413065
adafnn-n2000-lambda0.001-seed01,adafnn,1,2000,0.001,learned,32,2000,1.4643389343741595,1.4668136504137204,0.4648994582690877,2.001633339661899,0.0340055683768345,3.931189406759939
adafnn-n2000-lambda0.001-seed01,adafnn,1,2000,0.001,behavior,64,2000,0.1371697035111511,0.1186501122180262,0.0496928813674134,0.2029249188398851,0.0027800941706478,0.7105032301120582
adafnn-n2000-lambda0.001-seed01,adafnn,1,2000,0.001,learned,64,2000,1.3418340134621398,1.323820096234004,0.3829361146317521,1.905299094663816,0.0323778091338267,3.879731979541079
adafnn-n2000-lambda0.001-seed01,adafnn,1,2000,0.001,behavior,128,2000,0.1253008781383754,0.1096788127591173,0.0452405396770927,0.1883209465925009,0.0025634414118709,0.6706813292300157
adafnn-n2000-lambda0.001-seed01,adafnn,1,2000,0.001,learned,128,2000,1.168669249015033,1.052434245451786,0.2310309390812731,1.734295265317366,0.0286915108872561,3.519600655610294
adafnn-n2000-lambda0.01-seed02,adafnn,2,2000,0.01,behavior,16,2000,0.1815264221386605,0.148183657281961,0.0596533011209477,0.2719186510343019,0.0043866389694147,1.027862350188003
adafnn-n2000-lambda0.01-seed02,adafnn,2,2000,0.01,learned,16,2000,0.384631380631499,0.2938358514578275,0.0609732264938835,0.6079744878064114,0.0035162716159823,2.7922772135695486
adafnn-n2000-lambda0.01-seed02,adafnn,2,2000,0.01,behavior,32,2000,0.1560104519951154,0.1307682585951908,0.0513853011814514,0.2332185609831503,0.0038976653034974,0.8292206378599161
adafnn-n2000-lambda0.01-seed02,adafnn,2,2000,0.01,learned,32,2000,0.3227468738640088,0.2364954763888749,0.0434776127437684,0.4937802936948124,0.0035162716159823,2.7922772135695486
adafnn-n2000-lambda0.01-seed02,adafnn,2,2000,0.01,behavior,64,2000,0.1402549099464023,0.1177334008276992,0.0469349435345609,0.2051688024673975,0.0038976653034974,0.6731157066228463
adafnn-n2000-lambda0.01-seed02,adafnn,2,2000,0.01,learned,64,2000,0.2699237758032758,0.1849431004027342,0.0358320416636761,0.4211095884013885,0.0035162716159823,2.596696183945024
adafnn-n2000-lambda0.01-seed02,adafnn,2,2000,0.01,behavior,128,2000,0.1284418464211718,0.1074382053523319,0.0419165595226815,0.1910241334031064,0.0038976653034974,0.6275651600312834
adafnn-n2000-lambda0.01-seed02,adafnn,2,2000,0.01,learned,128,2000,0.2266576068415189,0.1384061194955536,0.0255023512360044,0.3731858597016184,0.0035162716159823,2.467069247156275
adafnn-n2000-lambda0.01-seed03,adafnn,3,2000,0.01,behavior,16,2000,0.1837005434840797,0.1597536442489571,0.0700628775010715,0.2646534821252109,0.004681147434375,0.8657521116508813
adafnn-n2000-lambda0.01-seed03,adafnn,3,2000,0.01,learned,16,2000,2.084683762092724,2.484403013341729,0.7368581845451492,3.2110833752366523,0.0079447967492974,3.954358408542296
adafnn-n2000-lambda0.01-seed03,adafnn,3,2000,0.01,behavior,32,2000,0.1583639904638893,0.138252803425197,0.0601133461255867,0.2317079994139704,0.004681147434375,0.8362970125887393
adafnn-n2000-lambda0.01-seed03,adafnn,3,2000,0.01,learned,32,2000,1.935169269325428,2.205242503146554,0.5233685999348466,3.0359228335954507,0.0079447967492974,3.940972728439248
adafnn-n2000-lambda0.01-seed03,adafnn,3,2000,0.01,behavior,64,2000,0.1416099479126585,0.1231257994074835,0.0526155509273521,0.2122062853213442,0.0045460676165453,0.680260491473301
adafnn-n2000-lambda0.01-seed03,adafnn,3,2000,0.01,learned,64,2000,1.7116386892691549,1.7696310474927046,0.3970088143706274,2.8421708674797714,0.0079447967491651,3.9111952870551168
adafnn-n2000-lambda0.01-seed03,adafnn,3,2000,0.01,behavior,128,2000,0.130403383827479,0.111375040910888,0.0477978180369103,0.1951641685737147,0.0031070611580797,0.680260491473301
adafnn-n2000-lambda0.01-seed03,adafnn,3,2000,0.01,learned,128,2000,1.3855556721131022,1.3547285733697707,0.1508830865233012,2.3141902548664053,0.0079447967491651,3.743327948941794
adafnn-n2000-lambda0.001-seed04,adafnn,4,2000,0.001,behavior,16,2000,0.1772228117825769,0.1499951886445907,0.0631462670718759,0.2597676674024171,0.004743406260931,0.7968853132049879
adafnn-n2000-lambda0.001-seed04,adafnn,4,2000,0.001,learned,16,2000,1.4579826405753484,1.2498411838391466,0.6725380919750974,2.3458703302603663,0.2705576484642293,2.771657270048047
adafnn-n2000-lambda0.001-seed04,adafnn,4,2000,0.001,behavior,32,2000,0.1526726767399827,0.1307429801074629,0.0561983304578032,0.223635207723425,0.003109573956226,0.6394877935611412
adafnn-n2000-lambda0.001-seed04,adafnn,4,2000,0.001,learned,32,2000,1.3613877952642306,1.066932154617227,0.5803270410612158,2.1846743766726044,0.2663339990184685,2.7444846290627125
adafnn-n2000-lambda0.001-seed04,adafnn,4,2000,0.001,behavior,64,2000,0.1360904743123224,0.1168401065718494,0.050203328614987,0.202508166641763,0.003109573956226,0.6394877935611412
adafnn-n2000-lambda0.001-seed04,adafnn,4,2000,0.001,learned,64,2000,1.248896941995008,0.885717513119173,0.5305645237345957,2.0766760968388747,0.2202217720508341,2.637730773803741
adafnn-n2000-lambda0.001-seed04,adafnn,4,2000,0.001,behavior,128,2000,0.1238448978631502,0.1053935804839363,0.0441428926552458,0.1865746627470109,0.003109573956226,0.5569949228309444
adafnn-n2000-lambda0.001-seed04,adafnn,4,2000,0.001,learned,128,2000,1.110831238461598,0.7874788223300926,0.4649434845705203,1.8119466184849025,0.2063007500977382,2.6015850252806763
adafnn-n2000-lambda0.1-seed05,adafnn,5,2000,0.1,behavior,16,2000,0.1611618162726277,0.1329215214686992,0.0490832493037158,0.2368761153048093,0.0034711568855532,0.7731900643654782
adafnn-n2000-lambda0.1-seed05,adafnn,5,2000,0.1,learned,16,2000,1.4396372284716976,0.6238431901417129,0.1373077625757412,3.000329014434621,0.0159621770141522,3.950470081562485
adafnn-n2000-lambda0.1-seed05,adafnn,5,2000,0.1,behavior,32,2000,0.1387417376989124,0.1167957133056055,0.0416726286863136,0.208686306585922,0.0032666319028761,0.6367030781632663
adafnn-n2000-lambda0.1-seed05,adafnn,5,2000,0.1,learned,32,2000,1.330818084491435,0.4863361411919371,0.113605411228802,2.8424937880008474,0.0159621770141522,3.9206883833418087
adafnn-n2000-lambda0.1-seed05,adafnn,5,2000,0.1,behavior,64,2000,0.1244200573977707,0.102821393249522,0.037016150749848,0.1896485273234258,0.0031832403625517,0.5600782022597722
adafnn-n2000-lambda0.1-seed05,adafnn,5,2000,0.1,learned,64,2000,1.1856316965241045,0.3355869354774363,0.0862114308630738,2.620496928651483,0.0144734673898359,3.8797188295917695
adafnn-n2000-lambda0.1-seed05,adafnn,5,2000,0.1,behavior,128,2000,0.1135056010612089,0.0951242184192797,0.033489597322343,0.172674813311299,0.0031832403625517,0.529662313815234
adafnn-n2000-lambda0.1-seed05,adafnn,5,2000,0.1,learned,128,2000,1.0071840183254988,0.1922067619806547,0.0714683412096363,2.136070206318436,0.0139272147952155,3.5508788944699186
adafnn-n2000-lambda0.0001-seed06,adafnn,6,2000,0.0001,behavior,16,2000,0.175088175516843,0.1450066473714065,0.057132454912341,0.2616338635333312,0.003437210696741,1.0229328356891687
adafnn-n2000-lambda0.0001-seed06,adafnn,6,2000,0.0001,learned,16,2000,1.0280681412137904,0.7069157658996066,0.4787475302835072,1.2861004042197046,0.0297693206765336,3.9178727046792576
adafnn-n2000-lambda0.0001-seed06,adafnn,6,2000,0.0001,behavior,32,2000,0.1534774167478546,0.1286118924947222,0.0501207075002234,0.2308564948336238,0.003437210696741,0.9947323026582486
adafnn-n2000-lambda0.0001-seed06,adafnn,6,2000,0.0001,learned,32,2000,0.9541458618719312,0.6404236326234058,0.4380231056343627,1.150547957766664,0.0286752771066124,3.9094835010979208
adafnn-n2000-lambda0.0001-seed06,adafnn,6,2000,0.0001,behavior,64,2000,0.136253623656573,0.1154628538685382,0.0434534459765827,0.207341526483254,0.003437210696741,0.6625352571571669
adafnn-n2000-lambda0.0001-seed06,adafnn,6,2000,0.0001,learned,64,2000,0.8641773287603175,0.5807480745203828,0.4044363313223253,0.904780967240254,0.0243395949049202,3.7997085579575502
adafnn-n2000-lambda0.0001-seed06,adafnn,6,2000,0.0001,behavior,128,2000,0.1243449362261561,0.1050251673408975,0.0397273047314492,0.1922304832064885,0.003437210696741,0.6134362245646722
adafnn-n2000-lambda0.0001-seed06,adafnn,6,2000,0.0001,learned,128,2000,0.7583458218890571,0.5354347567791031,0.3772516548927483,0.8244636847158296,0.0233209152942426,3.6081078021656032
adafnn-n2000-lambda0.01-seed07,adafnn,7,2000,0.01,behavior,16,2000,0.177034149202688,0.1491109327678061,0.0601919274228688,0.2585929086007667,0.0046684473014901,0.823776416262921
adafnn-n2000-lambda0.01-seed07,adafnn,7,2000,0.01,learned,16,2000,0.5676761448396842,0.4382481289044022,0.0728379211226974,0.9919222977209428,0.012667890663145,2.134706564994321
adafnn-n2000-lambda0.01-seed07,adafnn,7,2000,0.01,behavior,32,2000,0.15305226666811,0.1254494446138863,0.0520216134182515,0.2248229517778082,0.0039765717218457,0.7338588486183015
adafnn-n2000-lambda0.01-seed07,adafnn,7,2000,0.01,learned,32,2000,0.5091324311373381,0.3832461918445186,0.0512541111048828,0.88761086009589,0.0126678906629493,1.8836298864073768
adafnn-n2000-lambda0.01-seed07,adafnn,7,2000,0.01,behavior,64,2000,0.1350822071022776,0.1129431451361205,0.0459496285155808,0.2026936998993113,0.002444950404355,0.7114465538860628
adafnn-n2000-lambda0.01-seed07,adafnn,7,2000,0.01,learned,64,2000,0.4526114770775307,0.3171864044901517,0.0410131857461083,0.8049063341524585,0.0126678763502003,1.8439803661371943
adafnn-n2000-lambda0.01-seed07,adafnn,7,2000,0.01,behavior,128,2000,0.123201281771965,0.1008185455981369,0.0418049622480156,0.1860847440008464,0.002444950404355,0.5453595899886474
adafnn-n2000-lambda0.01-seed07,adafnn,7,2000,0.01,learned,128,2000,0.4046596063547535,0.2946854431310285,0.0341647430806135,0.6957275726930238,0.0117703969913773,1.7008600491253842
adafnn-n2000-lambda0.0001-seed08,adafnn,8,2000,0.0001,behavior,16,2000,0.1756968171711975,0.1510511116023023,0.0646914995054448,0.2569156875703013,0.0046630366856839,0.84454421931102
adafnn-n2000-lambda0.0001-seed08,adafnn,8,2000,0.0001,learned,16,2000,1.8661508942687972,1.8181565007837377,0.3935837705895025,3.30859707448101,0.0151918789312952,3.944990974135704
adafnn-n2000-lambda0.0001-seed08,adafnn,8,2000,0.0001,behavior,32,2000,0.1528179959520429,0.1294510685254744,0.055282011655233,0.227276488310158,0.0041599457623974,0.84454421931102
adafnn-n2000-lambda0.0001-seed08,adafnn,8,2000,0.0001,learned,32,2000,1.719262119965796,1.5556972438201984,0.3017797091843641,3.0680996350937795,0.0120171716224399,3.9231473802610703
adafnn-n2000-lambda0.0001-seed08,adafnn,8,2000,0.0001,behavior,64,2000,0.1357584646971125,0.1142426912541637,0.0478086534767221,0.2042903371676948,0.0036735954510723,0.84454421931102
adafnn-n2000-lambda0.0001-seed08,adafnn,8,2000,0.0001,learned,64,2000,1.5206908410129558,1.2327931494020898,0.2557296484077396,2.868026610279867,0.0115788231687682,3.849366354717834
adafnn-n2000-lambda0.0001-seed08,adafnn,8,2000,0.0001,behavior,128,2000,0.1245448847984413,0.1048118790070186,0.0430696381920514,0.1873712621383584,0.0036305283322814,0.6385086012526391
adafnn-n2000-lambda0.0001-seed08,adafnn,8,2000,0.0001,learned,128,2000,1.2435945624277054,0.6882548430596386,0.1243683388801863,2.525670382059731,0.0090522832493238,3.5598171170550543
adafnn-n2000-lambda0.001-seed09,adafnn,9,2000,0.001,behavior,16,2000,0.1758114895362031,0.1451886712203512,0.0633764728963497,0.2564619847641875,0.0037701753034471,0.995000564209298
adafnn-n2000-lambda0.001-seed09,adafnn,9,2000,0.001,learned,16,2000,1.7017049293159128,1.795331474874987,0.4392005467818585,2.637646949251523,0.0310763199644947,3.940027587537709
adafnn-n2000-lambda0.001-seed09,adafnn,9,2000,0.001,behavior,32,2000,0.1521403650335696,0.1275109897094481,0.0553006287708846,0.2234684981827641,0.0030916966535287,0.995000564209298
adafnn-n2000-lambda0.001-seed09,adafnn,9,2000,0.001,learned,32,2000,1.5927628437719703,1.622278763903421,0.379980687435116,2.563710898684504,0.0177523331059436,3.903395218043306
adafnn-n2000-lambda0.001-seed09,adafnn,9,2000,0.001,behavior,64,2000,0.1348103718395244,0.1121330615313744,0.0486478769739893,0.2008173442315987,0.0030403329693854,0.9129921934305232
adafnn-n2000-lambda0.001-seed09,adafnn,9,2000,0.001,learned,64,2000,1.4451778343335742,1.5440068078691351,0.2793032743838677,2.38223194391271,0.0177523331059436,3.829953242468976
adafnn-n2000-lambda0.001-seed09,adafnn,9,2000,0.001,behavior,128,2000,0.1233590109259985,0.1048760840630227,0.0426163284120772,0.1835245426455614,0.0030403329693854,0.9129921934305232
adafnn-n2000-lambda0.001-seed09,adafnn,9,2000,0.001,learned,128,2000,1.252099270444368,1.096938455742594,0.1930509274410821,2.07277114014601,0.0176166626693283,3.524484948498716
adafnn-n2000-lambda0.001-seed10,adafnn,10,2000,0.001,behavior,16,2000,0.1723626327280415,0.1452184370243176,0.0642698977415459,0.2491839178624312,0.0035218859844141,0.8187666157975105
adafnn-n2000-lambda0.001-seed10,adafnn,10,2000,0.001,learned,16,2000,1.111545393930872,0.5335561653518744,0.1128056571175109,2.277697465782881,0.0060881776006908,3.47175807402043
adafnn-n2000-lambda0.001-seed10,adafnn,10,2000,0.001,behavior,32,2000,0.1493578640225066,0.1270087024024216,0.0557526113564437,0.2182757059318537,0.0035218859844141,0.6633387757484941
adafnn-n2000-lambda0.001-seed10,adafnn,10,2000,0.001,learned,32,2000,1.0018937405921562,0.4474478070517351,0.078805369330029,2.030896325872507,0.0060392597638167,3.377115391033909
adafnn-n2000-lambda0.001-seed10,adafnn,10,2000,0.001,behavior,64,2000,0.1325581646610663,0.1097395712973448,0.0480205671138362,0.1914619508612944,0.0035218859844141,0.5838286358774416
adafnn-n2000-lambda0.001-seed10,adafnn,10,2000,0.001,learned,64,2000,0.8671455469009284,0.3218947081078689,0.0525109462697504,1.8229573973024,0.0060392597638167,3.2155457331577417
adafnn-n2000-lambda0.001-seed10,adafnn,10,2000,0.001,behavior,128,2000,0.1213885521312819,0.1007297990867688,0.0431748835950129,0.1784562350441867,0.0035218859844141,0.5786765871907655
adafnn-n2000-lambda0.001-seed10,adafnn,10,2000,0.001,learned,128,2000,0.6833870875304293,0.1834082519920149,0.0491527274418125,1.1169406544888378,0.0060392597638167,2.8960629632097774
adafnn-n2000-lambda0.0001-seed11,adafnn,11,2000,0.0001,behavior,16,2000,0.1764496623611116,0.1502715373601839,0.0611934809937508,0.2581313513062807,0.0052115701912378,0.9554011298534634
adafnn-n2000-lambda0.0001-seed11,adafnn,11,2000,0.0001,learned,16,2000,1.1362607035262466,0.3941338664841606,0.0769388646970967,2.2614288889864977,0.0030696436958953,3.942325260923184
adafnn-n2000-lambda0.0001-seed11,adafnn,11,2000,0.0001,behavior,32,2000,0.1515368549135614,0.1309536014126701,0.0546129759725753,0.2235196600560516,0.0052115701912378,0.8455859169983938
adafnn-n2000-lambda0.0001-seed11,adafnn,11,2000,0.0001,learned,32,2000,1.0177233865171105,0.3279869528731184,0.0583839284270987,1.880958028441015,0.0030696436958953,3.8999710464226536
adafnn-n2000-lambda0.0001-seed11,adafnn,11,2000,0.0001,behavior,64,2000,0.1355466766294453,0.1190931844163202,0.0470534708079328,0.2023602451330151,0.0048257822893555,0.6758962634633268
adafnn-n2000-lambda0.0001-seed11,adafnn,11,2000,0.0001,learned,64,2000,0.8562858175883123,0.2496737011754344,0.0393432214858928,1.5896120779487055,0.0030696436958953,3.690640760785171
adafnn-n2000-lambda0.0001-seed11,adafnn,11,2000,0.0001,behavior,128,2000,0.1239213340110585,0.1105155092259154,0.0424279583715916,0.1865126193977976,0.0043148967900966,0.6758962634633268
adafnn-n2000-lambda0.0001-seed11,adafnn,11,2000,0.0001,learned,128,2000,0.6449772740077717,0.171416321528301,0.0312493361216084,0.8504984678294838,0.0030696436958953,3.279445862643212
adafnn-n2000-lambda0.0001-seed12,adafnn,12,2000,0.0001,behavior,16,2000,0.1825351133338035,0.153427408693214,0.0673574536561663,0.2721374169105918,0.0046772475906009,0.8730063285684025
adafnn-n2000-lambda0.0001-seed12,adafnn,12,2000,0.0001,learned,16,2000,1.901785020409927,1.877421483060107,0.8787454542357442,2.90883876333811,0.0286255676787909,3.942995182439825
adafnn-n2000-lambda0.0001-seed12,adafnn,12,2000,0.0001,behavior,32,2000,0.1561137726225714,0.1342367833808808,0.058810557712308,0.2292134590264713,0.0045349782013862,0.853307538572974
adafnn-n2000-lambda0.0001-seed12,adafnn,12,2000,0.0001,learned,32,2000,1.7836743624788665,1.6844572310269816,0.7773875336415746,2.7028992082146237,0.0286255676787909,3.929753991049171
adafnn-n2000-lambda0.0001-seed12,adafnn,12,2000,0.0001,behavior,64,2000,0.1397731509912565,0.1193241754087884,0.0538505300303964,0.2072514642384712,0.0045024140398941,0.7814941890223667
adafnn-n2000-lambda0.0001-seed12,adafnn,12,2000,0.0001,learned,64,2000,1.626751141356257,1.59841692599805,0.6161990296627701,2.479066124409796,0.0246141991660261,3.885535607324103
adafnn-n2000-lambda0.0001-seed12,adafnn,12,2000,0.0001,behavior,128,2000,0.1278754664763179,0.1066778528998316,0.0468688064426892,0.1897137527521107,0.0022709147911387,0.5558098729986155
adafnn-n2000-lambda0.0001-seed12,adafnn,12,2000,0.0001,learned,128,2000,1.3541623875241102,1.2628285969834931,0.2614199188176151,2.151529334779066,0.0233729297782107,3.7567622205218143
adafnn-n2000-lambda0.1-seed13,adafnn,13,2000,0.1,behavior,16,2000,0.178245738710541,0.1540772006766367,0.0630530466370303,0.2622228812093902,0.0030334703152893,0.7535121001169176
adafnn-n2000-lambda0.1-seed13,adafnn,13,2000,0.1,learned,16,2000,1.19781933798004,1.1590274535415492,0.8443417756577738,1.5676802947497863,0.4071277927012633,1.9528550178446809
adafnn-n2000-lambda0.1-seed13,adafnn,13,2000,0.1,behavior,32,2000,0.1558151930671349,0.1372050625835349,0.056786099581092,0.2284835780381885,0.0030334703152893,0.7535121001169176
adafnn-n2000-lambda0.1-seed13,adafnn,13,2000,0.1,learned,32,2000,1.107018915155551,1.0570999093318474,0.7861883367803161,1.5025774215256662,0.4071277927012633,1.9441402162785764
adafnn-n2000-lambda0.1-seed13,adafnn,13,2000,0.1,behavior,64,2000,0.1393622948420658,0.1210866636398657,0.0512583896702615,0.2072355165401207,0.0030334703152893,0.7042875144386734
adafnn-n2000-lambda0.1-seed13,adafnn,13,2000,0.1,learned,64,2000,1.006335480332019,0.863897483571787,0.712787113100584,1.3326543738116017,0.4071277927012633,1.8545387841713157
adafnn-n2000-lambda0.1-seed13,adafnn,13,2000,0.1,behavior,128,2000,0.1267854318351089,0.1087648184205444,0.0461504021109651,0.1899720110576023,0.0030334703152893,0.4863362531673278
adafnn-n2000-lambda0.1-seed13,adafnn,13,2000,0.1,learned,128,2000,0.8808803215900893,0.7861883367803161,0.5600674616802522,1.1593875786464638,0.4071277927012633,1.775053611040721
adafnn-n2000-lambda0.001-seed14,adafnn,14,2000,0.001,behavior,16,2000,0.1685413891722376,0.1368199162409615,0.0523426387350154,0.2501781394679711,0.0040272470113093,0.8605409412321087
adafnn-n2000-lambda0.001-seed14,adafnn,14,2000,0.001,learned,16,2000,0.524952399224557,0.2964178287563699,0.0588184274743668,0.8257424645376997,0.0103495926090121,2.596908453500212
adafnn-n2000-lambda0.001-seed14,adafnn,14,2000,0.001,behavior,32,2000,0.1474538267708975,0.1197551889592228,0.0460905687825964,0.223514401950132,0.0040272470113093,0.7507973645040096
adafnn-n2000-lambda0.001-seed14,adafnn,14,2000,0.001,learned,32,2000,0.4530291057137777,0.2196643799835132,0.0489752087698014,0.7145745998628128,0.0102188251891941,2.3465585923604397
adafnn-n2000-lambda0.001-seed14,adafnn,14,2000,0.001,behavior,64,2000,0.1292931736927055,0.1072659729000057,0.0404850954843687,0.1938915385196756,0.0040272470113093,0.6026851848018692
adafnn-n2000-lambda0.001-seed14,adafnn,14,2000,0.001,learned,64,2000,0.3759490056390687,0.1487442098570246,0.0387419432068426,0.5956418026126121,0.0069641803438682,2.022103153989591
adafnn-n2000-lambda0.001-seed14,adafnn,14,2000,0.001,behavior,128,2000,0.1180953367940862,0.097829401271133,0.0364555249248149,0.1779059798241277,0.0040272470113093,0.5712004304250126
adafnn-n2000-lambda0.001-seed14,adafnn,14,2000,0.001,learned,128,2000,0.2978233032659108,0.0972095688526036,0.0275424345948412,0.5083741280582753,0.0069641803438682,1.6730479063933963
adafnn-n2000-lambda0.01-seed15,adafnn,15,2000,0.01,behavior,16,2000,0.1729646306429489,0.1409789156951613,0.0579646586262808,0.2556340864510705,0.0028082943686082,0.9236745869545258
adafnn-n2000-lambda0.01-seed15,adafnn,15,2000,0.01,learned,16,2000,0.8916110353541375,0.2652040474275325,0.0614530395283336,1.50381321635988,0.0112179808228519,3.571567147905747
adafnn-n2000-lambda0.01-seed15,adafnn,15,2000,0.01,behavior,32,2000,0.1501837295326793,0.1202774472192649,0.0502900048038694,0.2236668402784895,0.0028082943686082,0.8655909611440062
adafnn-n2000-lambda0.01-seed15,adafnn,15,2000,0.01,learned,32,2000,0.7883391132971128,0.2027260295932594,0.0472464007756768,1.2787044167699524,0.0112179808228519,3.385747820924956
adafnn-n2000-lambda0.01-seed15,adafnn,15,2000,0.01,behavior,64,2000,0.1342005824489344,0.1095100187366717,0.0438540795613454,0.2013943760402932,0.0028082943686082,0.856687766985274
adafnn-n2000-lambda0.01-seed15,adafnn,15,2000,0.01,learned,64,2000,0.6640658817821542,0.1724853119953641,0.0363777354197482,1.099527718246771,0.0112179808228519,3.1898393767547346
adafnn-n2000-lambda0.01-seed15,adafnn,15,2000,0.01,behavior,128,2000,0.1219888005966798,0.0996186553218411,0.0386926471754069,0.1818006566716091,0.0028082943686082,0.7427424564524006
adafnn-n2000-lambda0.01-seed15,adafnn,15,2000,0.01,learned,128,2000,0.5146454163917751,0.1005288736712439,0.018143278308002,0.5119865457341389,0.0109439441179529,2.770804113696958
adafnn-n2000-lambda0.01-seed16,adafnn,16,2000,0.01,behavior,16,2000,0.1672089064585268,0.1377109429679756,0.0516716241122119,0.2473498497506251,0.0049451695168467,1.2209839971195335
adafnn-n2000-lambda0.01-seed16,adafnn,16,2000,0.01,learned,16,2000,2.347967392451524,2.7958747184433173,0.8868143483584776,3.628255322639109,0.0676273098159977,3.9482227292924033
adafnn-n2000-lambda0.01-seed16,adafnn,16,2000,0.01,behavior,32,2000,0.1443507789925335,0.1205201359970992,0.043922024270435,0.2158689116785196,0.002952034982497,0.9932721637143278
adafnn-n2000-lambda0.01-seed16,adafnn,16,2000,0.01,learned,32,2000,2.206774690455635,2.567877045008551,0.5218302632676405,3.560804570030552,0.0676273098159977,3.908752634589851
adafnn-n2000-lambda0.01-seed16,adafnn,16,2000,0.01,behavior,64,2000,0.1272299482838708,0.1061452391862711,0.0378628076045531,0.1940765151857103,0.002952034982497,0.9932721637143278
adafnn-n2000-lambda0.01-seed16,adafnn,16,2000,0.01,learned,64,2000,2.012706032465204,2.1226709377171766,0.4011779054397736,3.4301719927263834,0.0497096526281084,3.8485486103551954
adafnn-n2000-lambda0.01-seed16,adafnn,16,2000,0.01,behavior,128,2000,0.1159345200297931,0.0948622203015558,0.033719087140832,0.1771242769247016,0.002952034982497,0.9932721637143278
adafnn-n2000-lambda0.01-seed16,adafnn,16,2000,0.01,learned,128,2000,1.7267702738086417,1.7990213665429289,0.2157432205143526,3.147231723102841,0.0356585097898642,3.748210181340066
adafnn-n2000-lambda0.0001-seed17,adafnn,17,2000,0.0001,behavior,16,2000,0.1812481136748295,0.153347690269309,0.0648289964689558,0.2620518145212505,0.0025079774591565,1.4350608490395178
adafnn-n2000-lambda0.0001-seed17,adafnn,17,2000,0.0001,learned,16,2000,1.3027429393755685,0.7072823647334961,0.0858690909231105,2.535516362147701,0.0100221804532858,3.92667654349645
adafnn-n2000-lambda0.0001-seed17,adafnn,17,2000,0.0001,behavior,32,2000,0.1578408075012173,0.1354742202426586,0.0572288687605918,0.2329103159308514,0.0025079774591565,1.3149122659770467
adafnn-n2000-lambda0.0001-seed17,adafnn,17,2000,0.0001,learned,32,2000,1.1665531397647335,0.500853610890215,0.0718398835742581,2.3283046440029143,0.0100221804532858,3.882339463658056
adafnn-n2000-lambda0.0001-seed17,adafnn,17,2000,0.0001,behavior,64,2000,0.1414434809580098,0.1215860744916201,0.051249933415304,0.2080133216942136,0.0025079774591565,1.1017758867708314
adafnn-n2000-lambda0.0001-seed17,adafnn,17,2000,0.0001,learned,64,2000,0.9938605620149548,0.2773497277859084,0.0598579496197899,2.114831828633677,0.0100221804532858,3.882339463658056
adafnn-n2000-lambda0.0001-seed17,adafnn,17,2000,0.0001,behavior,128,2000,0.1295467884499398,0.1102389950883401,0.0473776206287752,0.1934757691238503,0.0025079774591565,0.5681219215862781
adafnn-n2000-lambda0.0001-seed17,adafnn,17,2000,0.0001,learned,128,2000,0.7437209509137456,0.1043646382585006,0.0502479522887273,1.5796117782317916,0.0100221804502676,3.5580111839146427
adafnn-n2000-lambda0.01-seed18,adafnn,18,2000,0.01,behavior,16,2000,0.1804146258768707,0.1547319403011882,0.0701181477796377,0.2613219315272366,0.003997604738674,0.9884646150860832
adafnn-n2000-lambda0.01-seed18,adafnn,18,2000,0.01,learned,16,2000,0.5761059212419984,0.2467897819217694,0.0802394943550506,0.7120069674589888,0.0111355101071456,3.171558623353237
adafnn-n2000-lambda0.01-seed18,adafnn,18,2000,0.01,behavior,32,2000,0.1588377734003749,0.1344193905561848,0.0615197685688849,0.2342154403019623,0.003997604738674,0.7688674408338438
adafnn-n2000-lambda0.01-seed18,adafnn,18,2000,0.01,learned,32,2000,0.4835918908195368,0.1992932666139739,0.0637497620296517,0.5915223005838975,0.0111355101071456,3.073942857547499
adafnn-n2000-lambda0.01-seed18,adafnn,18,2000,0.01,behavior,64,2000,0.139427974200988,0.1179428215588266,0.0545985408155278,0.2027250588512383,0.003997604738674,0.6452321505163648
adafnn-n2000-lambda0.01-seed18,adafnn,18,2000,0.01,learned,64,2000,0.3733263859361607,0.1425383350415895,0.0621924665503835,0.319037272826714,0.0108166816493265,2.8339150873236783
adafnn-n2000-lambda0.01-seed18,adafnn,18,2000,0.01,behavior,128,2000,0.1283636920612547,0.1089244658435206,0.0495698933256362,0.1892618139434383,0.003997604738674,0.6127713659928283
adafnn-n2000-lambda0.01-seed18,adafnn,18,2000,0.01,learned,128,2000,0.2671544494326587,0.1234567794389519,0.0375668482351565,0.2413962601905323,0.0107687146828308,2.660185360845712
adafnn-n2000-lambda0.0001-seed19,adafnn,19,2000,0.0001,behavior,16,2000,0.1739516271054249,0.1465998755316391,0.0616722850192536,0.254772939040112,0.0040504668064173,1.0053952172629532
adafnn-n2000-lambda0.0001-seed19,adafnn,19,2000,0.0001,learned,16,2000,2.243632065984752,2.75351047507123,0.6811751779894007,3.564089597326096,0.0947697114637933,3.95260580666228
adafnn-n2000-lambda0.0001-seed19,adafnn,19,2000,0.0001,behavior,32,2000,0.1501661668737504,0.1270349531722822,0.0521058026044716,0.2235867600931809,0.0038095479336148,0.6622429218843185
adafnn-n2000-lambda0.0001-seed19,adafnn,19,2000,0.0001,learned,32,2000,2.095824751426919,2.368745886328433,0.5060527451772421,3.5010932111119684,0.0947697114637933,3.918422449727368
adafnn-n2000-lambda0.0001-seed19,adafnn,19,2000,0.0001,behavior,64,2000,0.1328303745802304,0.1134264072933565,0.045376719123404,0.1966832693856189,0.0038095479336148,0.6081054325379994
adafnn-n2000-lambda0.0001-seed19,adafnn,19,2000,0.0001,learned,64,2000,1.9052239167020928,2.0484388623111016,0.3574829709092375,3.2534018286570943,0.0947697114637924,3.89389301399573
adafnn-n2000-lambda0.0001-seed19,adafnn,19,2000,0.0001,behavior,128,2000,0.120440330982583,0.1029417587862564,0.041916680139844,0.1813616642263698,0.0038095479336148,0.5634958619580177
adafnn-n2000-lambda0.0001-seed19,adafnn,19,2000,0.0001,learned,128,2000,1.602364246330898,1.3921966817939055,0.1954661460153373,3.010502056238714,0.0947697114637281,3.714797751256115
adafnn-n4000-lambda0.001-seed00,adafnn,0,4000,0.001,behavior,16,4000,0.1688636359297161,0.1375566262366157,0.0586702162530786,0.2472083015276499,0.002280052217485,1.1528336615640984
adafnn-n4000-lambda0.001-seed00,adafnn,0,4000,0.001,learned,16,4000,1.638792479103904,1.4642379001700023,0.6352769784095988,2.360267077857676,0.0350875417382481,3.957327246688376
adafnn-n4000-lambda0.001-seed00,adafnn,0,4000,0.001,behavior,32,4000,0.144961434109335,0.1190057704791605,0.0490685794682092,0.2138998870119737,0.002280052217485,0.9753021061902484
adafnn-n4000-lambda0.001-seed00,adafnn,0,4000,0.001,learned,32,4000,1.5519583662102046,1.3379799527579022,0.5636472254579389,2.244152318216924,0.0290570507613312,3.944787017828461
adafnn-n4000-lambda0.001-seed00,adafnn,0,4000,0.001,behavior,64,4000,0.1265739165712765,0.1043350340643741,0.0435812820727793,0.1889136490373852,0.002280052217485,0.9753021061902484
adafnn-n4000-lambda0.001-seed00,adafnn,0,4000,0.001,learned,64,4000,1.4488021783995666,1.181984054212267,0.4481915034983901,2.0865897056186875,0.023054078508747,3.905143404750057
adafnn-n4000-lambda0.001-seed00,adafnn,0,4000,0.001,behavior,128,4000,0.1141923358954851,0.0945564014571071,0.0382185443154215,0.1698357129047123,0.002280052217485,0.7058698672962536
adafnn-n4000-lambda0.001-seed00,adafnn,0,4000,0.001,learned,128,4000,1.3280323950030826,0.9747521656161916,0.3452237506808758,1.9699129873614487,0.0151005318235141,3.850294752725363
adafnn-n4000-lambda0.0001-seed01,adafnn,1,4000,0.0001,behavior,16,4000,0.1758807285963868,0.1501394824943552,0.0624381212448028,0.2550633111113349,0.0020873777187861,1.0376800343350792
adafnn-n4000-lambda0.0001-seed01,adafnn,1,4000,0.0001,learned,16,4000,1.7840597459532646,1.5138857852098493,0.3013121217482405,3.374115555425284,0.0059348996873429,3.922762809376912
adafnn-n4000-lambda0.0001-seed01,adafnn,1,4000,0.0001,behavior,32,4000,0.151651082071216,0.1315335890367958,0.0544594834414525,0.2205111799312311,0.0020873777187861,0.9246457604827923
adafnn-n4000-lambda0.0001-seed01,adafnn,1,4000,0.0001,learned,32,4000,1.6773811029393382,1.299872594890364,0.2532657563960543,3.2935254969082157,0.0059348996873429,3.8855392781459934
adafnn-n4000-lambda0.0001-seed01,adafnn,1,4000,0.0001,behavior,64,4000,0.1333641784343406,0.116721356311345,0.0484185282448509,0.1929082040191634,0.0020873777187861,0.6859870129804645
adafnn-n4000-lambda0.0001-seed01,adafnn,1,4000,0.0001,learned,64,4000,1.5473351266560884,1.0325723954286434,0.1994665382110767,3.1148554111349678,0.0059348996873429,3.807334947799101
adafnn-n4000-lambda0.0001-seed01,adafnn,1,4000,0.0001,behavior,128,4000,0.119644601330753,0.1050684172456228,0.0423006008738942,0.1754385640302985,0.0020873777187861,0.6607994069658427
adafnn-n4000-lambda0.0001-seed01,adafnn,1,4000,0.0001,learned,128,4000,1.3889773345704908,0.6661336757391819,0.1368468742708564,2.902724495317925,0.0059348996873429,3.7546352372706377
adafnn-n4000-lambda0.01-seed02,adafnn,2,4000,0.01,behavior,16,4000,0.1758440832579395,0.1461516556713313,0.0571496652284641,0.2582835372914188,0.0038609877297207,1.1761354557362813
adafnn-n4000-lambda0.01-seed02,adafnn,2,4000,0.01,learned,16,4000,2.069403762349209,2.5557117978183093,0.4846857363014576,3.347900490944418,0.0050949910792161,3.950308937860932
adafnn-n4000-lambda0.01-seed02,adafnn,2,4000,0.01,behavior,32,4000,0.1512464494552682,0.126734538455147,0.0483789698720097,0.2217182020988882,0.00376408282625,0.9141001021500098
adafnn-n4000-lambda0.01-seed02,adafnn,2,4000,0.01,learned,32,4000,1.960082378414922,2.3299176573532727,0.3145927106490568,3.2476450146024893,0.0043952760598168,3.925763672227094
adafnn-n4000-lambda0.01-seed02,adafnn,2,4000,0.01,behavior,64,4000,0.1326990546171654,0.1111585341087947,0.0426888487357544,0.1939920883734547,0.002153878035493,0.8596536699166167
adafnn-n4000-lambda0.01-seed02,adafnn,2,4000,0.01,learned,64,4000,1.8351862867636148,2.062099659413485,0.2454569667739303,3.0852314077356344,0.0035247110593146,3.85311281043652
adafnn-n4000-lambda0.01-seed02,adafnn,2,4000,0.01,behavior,128,4000,0.1191664575946545,0.1011409382614603,0.0384836406973629,0.1766746698602114,0.002153878035493,0.6996445232320045
adafnn-n4000-lambda0.01-seed02,adafnn,2,4000,0.01,learned,128,4000,1.6521726152186211,1.7416446358270627,0.1778906241178767,2.870428732030274,0.0035247110593146,3.831645579383976
adafnn-n4000-lambda0.1-seed03,adafnn,3,4000,0.1,behavior,16,4000,0.175941493059908,0.1490727461452412,0.060978422309562,0.2557214732367412,0.0043209928927844,0.9861562453432056
adafnn-n4000-lambda0.1-seed03,adafnn,3,4000,0.1,learned,16,4000,2.159990508371225,2.60900434673097,0.7949567280368002,3.3410012975722583,0.0079447967492974,3.905237753784388
adafnn-n4000-lambda0.1-seed03,adafnn,3,4000,0.1,behavior,32,4000,0.1518202623957998,0.1300282886560755,0.0525886342016718,0.2224592416000104,0.0037305950088402,0.801965773726618
adafnn-n4000-lambda0.1-seed03,adafnn,3,4000,0.1,learned,32,4000,2.045542830193355,2.448915439392329,0.6480760209200079,3.261321148200543,0.0079447967492974,3.870318185627866
adafnn-n4000-lambda0.1-seed03,adafnn,3,4000,0.1,behavior,64,4000,0.1334811411371405,0.1135539163603253,0.0469330390796197,0.1959968794303813,0.0034653633888699,0.6937748321144995
adafnn-n4000-lambda0.1-seed03,adafnn,3,4000,0.1,learned,64,4000,1.901399381967376,2.205242503476126,0.5047286874111239,3.0528352237294376,0.0079447967492974,3.788696983391253
adafnn-n4000-lambda0.1-seed03,adafnn,3,4000,0.1,behavior,128,4000,0.1196150204314473,0.1009545348740807,0.0420099773073643,0.1781197940362742,0.0034653633888699,0.680260491473301
adafnn-n4000-lambda0.1-seed03,adafnn,3,4000,0.1,learned,128,4000,1.6943433952450473,1.9199334979988436,0.2407776173927383,2.861246005566601,0.0079447967492974,3.742918252654406
adafnn-n4000-lambda0.01-seed04,adafnn,4,4000,0.01,behavior,16,4000,0.176779794982576,0.1501677725239673,0.0646704852772351,0.2592084771155028,0.00209780404992,1.0332563191641229
adafnn-n4000-lambda0.01-seed04,adafnn,4,4000,0.01,learned,16,4000,1.6844704745545072,1.3514288716008218,0.2386513720109493,3.1223872444188734,0.0055764761534805,3.942929204560078
adafnn-n4000-lambda0.01-seed04,adafnn,4,4000,0.01,behavior,32,4000,0.1509150808402475,0.1282750566613392,0.056427538970958,0.2214599489935193,0.00209780404992,0.929615519304407
adafnn-n4000-lambda0.01-seed04,adafnn,4,4000,0.01,learned,32,4000,1.5722511863484552,1.0671920315945629,0.1958233834166585,2.9607004346814016,0.0053239883898941,3.881444381387383
adafnn-n4000-lambda0.01-seed04,adafnn,4,4000,0.01,behavior,64,4000,0.1324598530464324,0.1158986166311389,0.0498063655630313,0.1935802579337043,0.00209780404992,0.6843094497711697
adafnn-n4000-lambda0.01-seed04,adafnn,4,4000,0.01,learned,64,4000,1.436619496479174,0.942810467503584,0.1702117937724967,2.780319584196296,0.0053239883898941,3.830353394470544
adafnn-n4000-lambda0.01-seed04,adafnn,4,4000,0.01,behavior,128,4000,0.1192041635305217,0.1033963451075349,0.0450898122286891,0.1764682670563298,0.00209780404992,0.601409505140945
adafnn-n4000-lambda0.01-seed04,adafnn,4,4000,0.01,learned,128,4000,1.2734009296968467,0.5069987198975714,0.1469276426638695,2.548538229616875,0.0053239883898941,3.7156399713619326
adafnn-n4000-lambda0.01-seed05,adafnn,5,4000,0.01,behavior,16,4000,0.1705493459612626,0.1443401738121862,0.0559222044676844,0.2538984904622585,0.0042924549932225,0.9357302572787106
adafnn-n4000-lambda0.01-seed05,adafnn,5,4000,0.01,learned,16,4000,1.746304470089834,2.0398156173329838,0.0803703337699198,3.0454599355111944,0.0086886047224952,3.841277967197557
adafnn-n4000-lambda0.01-seed05,adafnn,5,4000,0.01,behavior,32,4000,0.1464129494541013,0.126334069643511,0.0487985796871668,0.2143512869653369,0.0034711568855532,0.7731900643654782
adafnn-n4000-lambda0.01-seed05,adafnn,5,4000,0.01,learned,32,4000,1.6395651986862192,1.7493424801122504,0.0589559681181904,2.90088309850244,0.0086886047224952,3.7577965286816055
adafnn-n4000-lambda0.01-seed05,adafnn,5,4000,0.01,behavior,64,4000,0.1284226436058699,0.1120460378912994,0.0425303647594286,0.1896993938559329,0.0032666319028761,0.6367030781632663
adafnn-n4000-lambda0.01-seed05,adafnn,5,4000,0.01,learned,64,4000,1.5069078262429831,1.5710388456243622,0.0442338275787515,2.698726278087919,0.0086886047224952,3.740314601785896
adafnn-n4000-lambda0.01-seed05,adafnn,5,4000,0.01,behavior,128,4000,0.115058074649413,0.100277705118372,0.0387712024225684,0.1731134161547244,0.0025471192352811,0.6009693274019476
adafnn-n4000-lambda0.01-seed05,adafnn,5,4000,0.01,learned,128,4000,1.333812311323804,1.2053707502398163,0.0372767122318699,2.434972650069646,0.0086886047224952,3.61392698083821
adafnn-n4000-lambda0.001-seed06,adafnn,6,4000,0.001,behavior,16,4000,0.1762870843561935,0.1468569036284147,0.060159125194249,0.2583050417835948,0.0030322524589181,1.0479941335605605
adafnn-n4000-lambda0.001-seed06,adafnn,6,4000,0.001,learned,16,4000,2.8250868830642637,3.0568350508388105,2.3862680495833186,3.57873146533064,0.022324506558273,3.952812918673256
adafnn-n4000-lambda0.001-seed06,adafnn,6,4000,0.001,behavior,32,4000,0.1510176930464338,0.1250353066344343,0.0520117092313901,0.2263503211185035,0.0030322524589181,0.810139675378182
adafnn-n4000-lambda0.001-seed06,adafnn,6,4000,0.001,learned,32,4000,2.6902882829765797,2.850647218631681,2.101479802124469,3.428865409911817,0.022324506558273,3.9255823204022655
adafnn-n4000-lambda0.001-seed06,adafnn,6,4000,0.001,behavior,64,4000,0.1326302349833369,0.1107212616111783,0.0458040928537293,0.199673872368553,0.0030322524589181,0.7227044039029059
adafnn-n4000-lambda0.001-seed06,adafnn,6,4000,0.001,learned,64,4000,2.517897489375755,2.715614628353375,1.8124346122409456,3.3385940305615573,0.0162447405433008,3.8926765445868745
adafnn-n4000-lambda0.001-seed06,adafnn,6,4000,0.001,behavior,128,4000,0.1187385387206398,0.099911903104557,0.0409503884967427,0.1790799270698415,0.0030322524589181,0.6665167814214271
adafnn-n4000-lambda0.001-seed06,adafnn,6,4000,0.001,learned,128,4000,2.266436607466215,2.546468459678779,1.3916198384500755,3.153130418269971,0.0060476609497594,3.799708617336381
adafnn-n4000-lambda0.1-seed07,adafnn,7,4000,0.1,behavior,16,4000,0.1730700770381572,0.1436820316812587,0.0579656246368781,0.2555677844041592,0.0031543200441354,1.047136821002974
adafnn-n4000-lambda0.1-seed07,adafnn,7,4000,0.1,learned,16,4000,1.1149516095049303,0.3990129229244895,0.0722152706685139,2.391039539585276,0.0076414464474801,3.5746087276974223
adafnn-n4000-lambda0.1-seed07,adafnn,7,4000,0.1,behavior,32,4000,0.1489686301668882,0.1221840693323519,0.0491763486090083,0.2211008149973743,0.0031543200441354,1.047136821002974
adafnn-n4000-lambda0.1-seed07,adafnn,7,4000,0.1,learned,32,4000,1.0216230643189952,0.2990678035737862,0.0559270554827104,2.282457033328608,0.0076414464474801,3.462266935793304
adafnn-n4000-lambda0.1-seed07,adafnn,7,4000,0.1,behavior,64,4000,0.1301259393923212,0.1069234262218687,0.0442339358126816,0.1926364202390924,0.0031543200441354,0.8381847977418325
adafnn-n4000-lambda0.1-seed07,adafnn,7,4000,0.1,learned,64,4000,0.9122250897590792,0.1717249906767884,0.0410131862191273,2.1252394291413506,0.0076414464474801,3.3210706845151114
adafnn-n4000-lambda0.1-seed07,adafnn,7,4000,0.1,behavior,128,4000,0.1164561234983464,0.0975913812760045,0.0397959017735309,0.1741035057474401,0.002444950404355,0.6618596609630202
adafnn-n4000-lambda0.1-seed07,adafnn,7,4000,0.1,learned,128,4000,0.7742794236438479,0.1086187271644183,0.0331172081092716,1.6072715212554367,0.0076414464474801,3.158147244227601
adafnn-n4000-lambda0.0001-seed08,adafnn,8,4000,0.0001,behavior,16,4000,0.1792056819143412,0.153964046835004,0.0641858450005778,0.2649646706751488,0.0032515246344606,0.8964552925795329
adafnn-n4000-lambda0.0001-seed08,adafnn,8,4000,0.0001,learned,16,4000,2.1524196500760384,2.44242992574482,0.5568890629047211,3.529103576543489,0.0905735477869342,3.952822250557991
adafnn-n4000-lambda0.0001-seed08,adafnn,8,4000,0.0001,behavior,32,4000,0.1544991372706741,0.1329081316001933,0.0560621907684072,0.2267896799077433,0.0031350209942371,0.8893440132668576
adafnn-n4000-lambda0.0001-seed08,adafnn,8,4000,0.0001,learned,32,4000,2.029636734943347,2.2327272600042543,0.4588255775121612,3.420571697488941,0.0905735477869342,3.944990974135704
adafnn-n4000-lambda0.0001-seed08,adafnn,8,4000,0.0001,behavior,64,4000,0.1349029650788038,0.11701430579323,0.0489239679644272,0.1998699681176789,0.0031350209942371,0.84454421931102
adafnn-n4000-lambda0.0001-seed08,adafnn,8,4000,0.0001,learned,64,4000,1.8777550806542629,1.8348542161274977,0.3916771853196638,3.304672541020615,0.0905735477869342,3.9231473802610703
adafnn-n4000-lambda0.0001-seed08,adafnn,8,4000,0.0001,behavior,128,4000,0.1210536106827517,0.1044237262992999,0.0433564697188872,0.1809338708386947,0.0031350209942371,0.751323951076888
adafnn-n4000-lambda0.0001-seed08,adafnn,8,4000,0.0001,learned,128,4000,1.6788736876283554,1.4383315910210044,0.2465051149284516,3.059632383168162,0.0905735477869342,3.849366354717834
adafnn-n4000-lambda0.1-seed09,adafnn,9,4000,0.1,behavior,16,4000,0.1755072410926128,0.1491238433611642,0.0639322979534512,0.2563449913470479,0.0034127297416117,1.0427978367403266
adafnn-n4000-lambda0.1-seed09,adafnn,9,4000,0.1,learned,16,4000,1.6237856675413664,1.5156428040435586,0.1391967257927962,2.9373954888956493,0.0049070057626505,3.927168545724234
adafnn-n4000-lambda0.1-seed09,adafnn,9,4000,0.1,behavior,32,4000,0.1499984135790798,0.1268889218759647,0.0550150763309251,0.218150360208421,0.0034127297416117,0.995000564209298
adafnn-n4000-lambda0.1-seed09,adafnn,9,4000,0.1,learned,32,4000,1.5184809900845766,1.2936832643169496,0.1143532668903361,2.8228161712351847,0.0049070057626505,3.868338181081887
adafnn-n4000-lambda0.1-seed09,adafnn,9,4000,0.1,behavior,64,4000,0.1316675267662147,0.1133295859758351,0.0480854260413152,0.1918925801758994,0.0027879992829934,0.7322572302702852
adafnn-n4000-lambda0.1-seed09,adafnn,9,4000,0.1,learned,64,4000,1.3972693656984048,0.8875446247864693,0.0820647115694911,2.740764381355417,0.0049070057626505,3.868338181081887
adafnn-n4000-lambda0.1-seed09,adafnn,9,4000,0.1,behavior,128,4000,0.1179017268653786,0.1005266185837853,0.0426909630925321,0.172431501619126,0.0027879992829934,0.6173416707565307
adafnn-n4000-lambda0.1-seed09,adafnn,9,4000,0.1,learned,128,4000,1.235510281961947,0.5127204992221452,0.0714485428463585,2.4391363850514067,0.0049070057626505,3.785040551777407
adafnn-n4000-lambda0.0001-seed10,adafnn,10,4000,0.0001,behavior,16,4000,0.1753663086704249,0.1443695554711346,0.0625620539978488,0.254902110993136,0.0038103526093626,1.0591438612257988
adafnn-n4000-lambda0.0001-seed10,adafnn,10,4000,0.0001,learned,16,4000,1.5951526462068486,1.4760397791431936,0.6194964016309856,2.371455261664763,0.0551083047013192,3.947924168059885
adafnn-n4000-lambda0.0001-seed10,adafnn,10,4000,0.0001,behavior,32,4000,0.1510702649856709,0.12684849474213,0.0538135847829448,0.2204540608034424,0.0033349243146291,1.0519698964017783
adafnn-n4000-lambda0.0001-seed10,adafnn,10,4000,0.0001,learned,32,4000,1.5072380301589317,1.3341286763942313,0.5639227830995247,2.257746002778323,0.0491119332859797,3.930625059616865
adafnn-n4000-lambda0.0001-seed10,adafnn,10,4000,0.0001,behavior,64,4000,0.1314261589960614,0.1089936665778059,0.0477162685177327,0.1921851993911696,0.0033349243146291,0.6420338582976732
adafnn-n4000-lambda0.0001-seed10,adafnn,10,4000,0.0001,learned,64,4000,1.4040597533121173,1.1981841676221174,0.5317917000558091,2.121030938880198,0.0478091337612843,3.9146017597320864
adafnn-n4000-lambda0.0001-seed10,adafnn,10,4000,0.0001,behavior,128,4000,0.1179058742437853,0.0995180299578956,0.0421942990946508,0.1731561320951029,0.0033349243146291,0.6000597707522731
adafnn-n4000-lambda0.0001-seed10,adafnn,10,4000,0.0001,learned,128,4000,1.2759963071359612,1.0426539518147644,0.4626893467293441,1.9319118986950683,0.0450291109272894,3.816908529706119
adafnn-n4000-lambda0.01-seed11,adafnn,11,4000,0.01,behavior,16,4000,0.1784058962550483,0.150127775888515,0.0619666416982796,0.2639851286282854,0.0034507039736485,1.094567488761688
adafnn-n4000-lambda0.01-seed11,adafnn,11,4000,0.01,learned,16,4000,2.284581205717089,2.771959730455109,0.762644670439931,3.571262417361185,0.1047219014981514,3.9611567908438094
adafnn-n4000-lambda0.01-seed11,adafnn,11,4000,0.01,behavior,32,4000,0.1514803516687369,0.1303921613399349,0.0534105944263752,0.2241592150215161,0.0031143258915555,0.8038981178675167
adafnn-n4000-lambda0.01-seed11,adafnn,11,4000,0.01,learned,32,4000,2.176600365013913,2.552304416314193,0.5965481686011559,3.490403306091644,0.1047219014981514,3.927192467144836
adafnn-n4000-lambda0.01-seed11,adafnn,11,4000,0.01,behavior,64,4000,0.1330454534874554,0.1162741999881492,0.0471117421826228,0.1988112560270153,0.0031143258915555,0.7426314084858225
adafnn-n4000-lambda0.01-seed11,adafnn,11,4000,0.01,learned,64,4000,2.0389731320475795,2.3766891818693474,0.4013845370849352,3.374322022633361,0.1047219014981514,3.9049169950922815
adafnn-n4000-lambda0.01-seed11,adafnn,11,4000,0.01,behavior,128,4000,0.1190911590247698,0.1053102401773843,0.0416340181008203,0.1768569090119711,0.0031143258915555,0.6758962634633268
adafnn-n4000-lambda0.01-seed11,adafnn,11,4000,0.01,learned,128,4000,1.8445425010516328,1.8414879902128496,0.2828710866825318,3.21505051535401,0.1047219014981514,3.8478520721499536
adafnn-n4000-lambda1-seed12,adafnn,12,4000,1.0,behavior,16,4000,0.1815651419198451,0.1530096067864817,0.0660842343440219,0.2653255894625734,0.0035255121942425,1.093135614505473
adafnn-n4000-lambda1-seed12,adafnn,12,4000,1.0,learned,16,4000,0.5052477410771744,0.2834733528971927,0.0692541561972823,0.6865928419505113,0.0069377725559245,2.5321173343303056
adafnn-n4000-lambda1-seed12,adafnn,12,4000,1.0,behavior,32,4000,0.1558132440068758,0.1351213833550021,0.0566581189714714,0.2258036307802687,0.0031691311355578,0.7471280131647596
adafnn-n4000-lambda1-seed12,adafnn,12,4000,1.0,learned,32,4000,0.4340525790015084,0.2339073784057391,0.0532474542128961,0.5906605562768954,0.0069377725429031,2.319695706203302
adafnn-n4000-lambda1-seed12,adafnn,12,4000,1.0,behavior,64,4000,0.1357458081204045,0.1160370101150395,0.0502003626621809,0.1996398016316491,0.0031691311355578,0.7471280131647596
adafnn-n4000-lambda1-seed12,adafnn,12,4000,1.0,learned,64,4000,0.3652715017897258,0.1947594281000854,0.036635450480454,0.5045367202013754,0.0069377724428262,2.224807016218849
adafnn-n4000-lambda1-seed12,adafnn,12,4000,1.0,behavior,128,4000,0.1216173101093446,0.1032320128235884,0.0460975995400166,0.1788591767160344,0.0031691311355578,0.7280551329013408
adafnn-n4000-lambda1-seed12,adafnn,12,4000,1.0,learned,128,4000,0.2944885332289617,0.1527883202163761,0.0269381977034253,0.4048779682716462,0.0069377682103333,2.12394284295414
adafnn-n4000-lambda1-seed13,adafnn,13,4000,1.0,behavior,16,4000,0.1798758030147338,0.157236354363475,0.0666091034617055,0.2627694166052592,0.0046475738863994,1.162658090163095
adafnn-n4000-lambda1-seed13,adafnn,13,4000,1.0,learned,16,4000,1.1977514517997798,1.1418579192216238,0.8525905070461074,1.5711103351409732,0.3834941924525746,1.9573794321185487
adafnn-n4000-lambda1-seed13,adafnn,13,4000,1.0,behavior,32,4000,0.153405314800878,0.1358202973108341,0.0584617861654685,0.2266187388851703,0.0030334703152893,0.8000098457346486
adafnn-n4000-lambda1-seed13,adafnn,13,4000,1.0,learned,32,4000,1.1175737770518577,1.06854211507417,0.7792829818580619,1.5078682734398745,0.3834941924525746,1.9441402162785764
adafnn-n4000-lambda1-seed13,adafnn,13,4000,1.0,behavior,64,4000,0.1351833717377225,0.1207971017192423,0.0520829976514221,0.1979268192521377,0.0028002079357936,0.8000098457346486
adafnn-n4000-lambda1-seed13,adafnn,13,4000,1.0,learned,64,4000,1.0292433981596285,0.971589035631606,0.658493567019528,1.4199302601836168,0.3834941924525746,1.931987492496408
adafnn-n4000-lambda1-seed13,adafnn,13,4000,1.0,behavior,128,4000,0.122026372216236,0.1071982436918213,0.0477811505045573,0.1794583721363675,0.0028002079357936,0.6232641274644346
adafnn-n4000-lambda1-seed13,adafnn,13,4000,1.0,learned,128,4000,0.917094900980714,0.8040280453923074,0.503971521861073,1.2852771245868642,0.3834941924525746,1.869271635857614
adafnn-n4000-lambda0.1-seed14,adafnn,14,4000,0.1,behavior,16,4000,0.1724224889920707,0.1420505195883408,0.0574059913204478,0.2549153506688533,0.003118008026048,1.2183437068154033
adafnn-n4000-lambda0.1-seed14,adafnn,14,4000,0.1,learned,16,4000,1.2287616134254435,1.1768122378795405,0.8820148437664,1.5820565990250166,0.3978619005195192,1.9578951211874671
adafnn-n4000-lambda0.1-seed14,adafnn,14,4000,0.1,behavior,32,4000,0.1480144256629064,0.1221898341630586,0.0500473348926116,0.217610257376479,0.0030133099819189,1.0082962195624463
adafnn-n4000-lambda0.1-seed14,adafnn,14,4000,0.1,learned,32,4000,1.1487312242465533,1.082468561694763,0.78771054866029,1.522031635307134,0.3978619005195192,1.9508105241708469
adafnn-n4000-lambda0.1-seed14,adafnn,14,4000,0.1,behavior,64,4000,0.1306193724790024,0.1079108384507392,0.0430221063864308,0.1931989784698066,0.0030133099819189,1.0052193237617364
adafnn-n4000-lambda0.1-seed14,adafnn,14,4000,0.1,learned,64,4000,1.0642218916695592,0.9674044897053314,0.7149341789890893,1.4670274101850416,0.3978619005195192,1.9209351394425975
adafnn-n4000-lambda0.1-seed14,adafnn,14,4000,0.1,behavior,128,4000,0.116953110942378,0.0975059138772289,0.0382693236347006,0.1739724056887327,0.0016441132409881,0.6965783935207539
adafnn-n4000-lambda0.1-seed14,adafnn,14,4000,0.1,learned,128,4000,0.9653208223000996,0.847899404580253,0.6278871658284851,1.308903634131106,0.3978619005195192,1.874416959387155
adafnn-n4000-lambda0.1-seed15,adafnn,15,4000,0.1,behavior,16,4000,0.1758495928606943,0.1480201765704761,0.0638259514843852,0.2600703532200926,0.0046130662354146,0.9262063587352338
adafnn-n4000-lambda0.1-seed15,adafnn,15,4000,0.1,learned,16,4000,1.0915398573514703,0.3758848948161977,0.0933081510077961,2.002840684326173,0.0086105120225364,3.886188281688371
adafnn-n4000-lambda0.1-seed15,adafnn,15,4000,0.1,behavior,32,4000,0.1518036097631893,0.1267812630347906,0.0545094490742932,0.224935652476789,0.0023120969427759,0.9236745869545258
adafnn-n4000-lambda0.1-seed15,adafnn,15,4000,0.1,learned,32,4000,1.0025129834037734,0.3074125781935346,0.0671077549003556,1.791331734246461,0.0086105120225364,3.7690932351429702
adafnn-n4000-lambda0.1-seed15,adafnn,15,4000,0.1,behavior,64,4000,0.1326656945215271,0.1095460274259023,0.0484721609167718,0.1957859635923331,0.0023120969427759,0.7768630567078079
adafnn-n4000-lambda0.1-seed15,adafnn,15,4000,0.1,learned,64,4000,0.8996766898345103,0.2251788353044288,0.0498252777097992,1.486901169549476,0.0086105120225364,3.7065331731531375
adafnn-n4000-lambda0.1-seed15,adafnn,15,4000,0.1,behavior,128,4000,0.1184696819377264,0.1003550492981172,0.0419317031536861,0.175076421953828,0.0022361709344539,0.7768630567078079
adafnn-n4000-lambda0.1-seed15,adafnn,15,4000,0.1,learned,128,4000,0.7736820236646209,0.1916726662766041,0.0329703278928282,1.2034448429156108,0.0086105120225364,3.3702219216619427
adafnn-n4000-lambda0.0001-seed16,adafnn,16,4000,0.0001,behavior,16,4000,0.1719569090765235,0.1437977093599705,0.0556382331855917,0.255424628281264,0.0034324858158455,1.171071600597421
adafnn-n4000-lambda0.0001-seed16,adafnn,16,4000,0.0001,learned,16,4000,0.5673623723514054,0.4681934496331648,0.0733822564218209,0.8599406948026206,0.0081270521688601,2.273311023679223
adafnn-n4000-lambda0.0001-seed16,adafnn,16,4000,0.0001,behavior,32,4000,0.1477639188935862,0.1249714490087884,0.0471092596942452,0.2164804094969523,0.0034324858158455,1.171071600597421
adafnn-n4000-lambda0.0001-seed16,adafnn,16,4000,0.0001,learned,32,4000,0.5178906621543689,0.435373981177502,0.0575127400926892,0.7804532450639681,0.0081075369676922,2.164846083534397
adafnn-n4000-lambda0.0001-seed16,adafnn,16,4000,0.0001,behavior,64,4000,0.1290525224205668,0.1090729850150437,0.0416294038666909,0.1926963820678049,0.0029520349824972,0.9932721637143278
adafnn-n4000-lambda0.0001-seed16,adafnn,16,4000,0.0001,learned,64,4000,0.4718768151467933,0.4126775924716515,0.0475463409009663,0.6936129593565972,0.0080098549619848,1.9192979956330247
adafnn-n4000-lambda0.0001-seed16,adafnn,16,4000,0.0001,behavior,128,4000,0.1152943585611715,0.0960499311429515,0.0376169026057708,0.1729576099376981,0.0026027622121655,0.9216947770585534
adafnn-n4000-lambda0.0001-seed16,adafnn,16,4000,0.0001,learned,128,4000,0.4237289443299061,0.4003547090544055,0.0336315040139777,0.6360673601953715,0.007569537465448,1.7416315988837123
adafnn-n4000-lambda0.001-seed17,adafnn,17,4000,0.001,behavior,16,4000,0.181155448690582,0.1571450077690865,0.0694872751618802,0.2601526251441274,0.0012795568315963,1.2794058683542853
adafnn-n4000-lambda0.001-seed17,adafnn,17,4000,0.001,learned,16,4000,2.21261143388408,2.641357778665538,0.8213260341490367,3.451177769301605,0.0089005857122692,3.955940447006065
adafnn-n4000-lambda0.001-seed17,adafnn,17,4000,0.001,behavior,32,4000,0.1557544070761035,0.1364370436551388,0.0596392483784362,0.2280738987512037,0.0012795568315963,1.0851567719282604
adafnn-n4000-lambda0.001-seed17,adafnn,17,4000,0.001,learned,32,4000,2.0982824228607075,2.474125191025351,0.6998787884034688,3.3358807615384336,0.0089005857122692,3.909910689701799
adafnn-n4000-lambda0.001-seed17,adafnn,17,4000,0.001,behavior,64,4000,0.1366254964288386,0.119433960645325,0.051915384830198,0.2014536712876623,0.0012795568315963,0.9628081585175314
adafnn-n4000-lambda0.001-seed17,adafnn,17,4000,0.001,learned,64,4000,1.9543373971555047,2.2735687151415034,0.4818301961595884,3.1905979276200327,0.0089005857122692,3.882339463658056
adafnn-n4000-lambda0.001-seed17,adafnn,17,4000,0.001,behavior,128,4000,0.1227745356662138,0.1079848383044747,0.0469978803805251,0.1786198494515815,0.0012795568315963,0.9058838562497726
adafnn-n4000-lambda0.001-seed17,adafnn,17,4000,0.001,learned,128,4000,1.769183091085399,2.0483163774090225,0.3021698176788503,3.069921430680129,0.0089005857122692,3.812606243055135
adafnn-n4000-lambda0.001-seed18,adafnn,18,4000,0.001,behavior,16,4000,0.176598858389861,0.15365951443732,0.0678991946974146,0.2575793759366969,0.0048657403186161,0.9316964722472684
adafnn-n4000-lambda0.001-seed18,adafnn,18,4000,0.001,learned,16,4000,1.189342761476114,1.1524422042142275,0.83351565774228,1.5394587833234772,0.3973144997807903,1.9574203133316928
adafnn-n4000-lambda0.001-seed18,adafnn,18,4000,0.001,behavior,32,4000,0.1532869193043196,0.1340740667643661,0.0593858390621445,0.2278931312781833,0.0030834766945235,0.7827632745770196
adafnn-n4000-lambda0.001-seed18,adafnn,18,4000,0.001,learned,32,4000,1.1051969263759105,1.0395641652109966,0.7333912131061993,1.458686291875394,0.3973144997807903,1.9396931574459453
adafnn-n4000-lambda0.001-seed18,adafnn,18,4000,0.001,behavior,64,4000,0.1359779328122753,0.1193227473935999,0.0527955120502454,0.2008779649496015,0.0025904801845932,0.7688674408338438
adafnn-n4000-lambda0.001-seed18,adafnn,18,4000,0.001,learned,64,4000,1.0075154482727646,0.8772364548237015,0.6182460636522561,1.3400417353899632,0.3973144997807903,1.9350359662183028
adafnn-n4000-lambda0.001-seed18,adafnn,18,4000,0.001,behavior,128,4000,0.121948903750528,0.1079393089132783,0.0461131280529859,0.1814067642820298,0.0019660183879881,0.663589790170288
adafnn-n4000-lambda0.001-seed18,adafnn,18,4000,0.001,learned,128,4000,0.8994158967399126,0.7764452691670282,0.5675957583152873,1.2074706289864172,0.3973144997807903,1.8584421666188808
adafnn-n4000-lambda0.0001-seed19,adafnn,19,4000,0.0001,behavior,16,4000,0.1684931624984833,0.1360103822850416,0.0556677503354768,0.2484460422649139,0.0038858305414458,1.0422223964763877
adafnn-n4000-lambda0.0001-seed19,adafnn,19,4000,0.0001,learned,16,4000,2.335028571684787,2.939853135032399,0.7886188354247456,3.6166155967031455,0.0940305153196702,3.965243424043341
adafnn-n4000-lambda0.0001-seed19,adafnn,19,4000,0.0001,behavior,32,4000,0.143476027259738,0.1171282577279192,0.048041950418378,0.2151577680613192,0.0035579037638253,0.7644807312701701
adafnn-n4000-lambda0.0001-seed19,adafnn,19,4000,0.0001,learned,32,4000,2.2236902755123347,2.8051095478847845,0.641852399494347,3.5045413144495776,0.0940287974308466,3.9381669463779945
adafnn-n4000-lambda0.0001-seed19,adafnn,19,4000,0.0001,behavior,64,4000,0.1257383012463416,0.1023559066873109,0.041775945915594,0.1900096604368059,0.0024149754795651,0.7644807312701701
adafnn-n4000-lambda0.0001-seed19,adafnn,19,4000,0.0001,learned,64,4000,2.0817684076987457,2.5549109559417262,0.4968503431905151,3.36312196969626,0.0940273809677147,3.918422449727368
adafnn-n4000-lambda0.0001-seed19,adafnn,19,4000,0.0001,behavior,128,4000,0.112125499229742,0.0925567230448096,0.0371504375057268,0.168351422667431,0.0024149754795651,0.7371359231373436
adafnn-n4000-lambda0.0001-seed19,adafnn,19,4000,0.0001,learned,128,4000,1.8725957073247803,2.081785494167289,0.309155715961917,3.116626201694522,0.0940273809677147,3.820708834061205
adafnn-n8000-lambda0.01-seed00,adafnn,0,8000,0.01,behavior,16,8000,0.1731358390529944,0.1442724984135432,0.0623898556639654,0.2509914969551398,0.0027100029282862,1.1436515277945989
adafnn-n8000-lambda0.01-seed00,adafnn,0,8000,0.01,learned,16,8000,1.6941256640928404,1.3695073793964585,0.2434547293888134,3.3131238096197557,0.0045223914712472,3.916440500381453
adafnn-n8000-lambda0.01-seed00,adafnn,0,8000,0.01,behavior,32,8000,0.1485126478356785,0.1245395162923813,0.0531752322855305,0.2158741937128489,0.002280052217485,1.1436515277945989
adafnn-n8000-lambda0.01-seed00,adafnn,0,8000,0.01,learned,32,8000,1.6064739064928273,1.107738259563328,0.2102827422848474,3.257377219446921,0.0045223914712472,3.887360000414572
adafnn-n8000-lambda0.01-seed00,adafnn,0,8000,0.01,behavior,64,8000,0.1292225971969736,0.1097079803957695,0.0463695865334981,0.1905168208812363,0.002280052217485,0.8311006856226391
adafnn-n8000-lambda0.01-seed00,adafnn,0,8000,0.01,learned,64,8000,1.5150577107867105,0.9294865552254348,0.1798919158983929,3.186962893673523,0.0044232857211682,3.861123300826327
adafnn-n8000-lambda0.01-seed00,adafnn,0,8000,0.01,behavior,128,8000,0.114305974109302,0.0966674993432257,0.040403427862958,0.1689449462830491,0.002280052217485,0.7685528249165682
adafnn-n8000-lambda0.01-seed00,adafnn,0,8000,0.01,learned,128,8000,1.4056054276715426,0.8192214858105827,0.1572974736669226,2.970389031086461,0.0044232857211682,3.823128858648497
adafnn-n8000-lambda0.01-seed01,adafnn,1,8000,0.01,behavior,16,8000,0.1755893862458583,0.1488971225052199,0.0604601592385528,0.2574924655839808,0.0024420182299135,1.05406071846172
adafnn-n8000-lambda0.01-seed01,adafnn,1,8000,0.01,learned,16,8000,2.766405603270598,3.0613352940197966,2.2213115150070477,3.5713179818279093,0.0575292902272576,3.954533689718172
adafnn-n8000-lambda0.01-seed01,adafnn,1,8000,0.01,behavior,32,8000,0.1503876788886146,0.1279450315683181,0.0521841359373539,0.2210627630586423,0.0024420182299135,0.9917828746165424
adafnn-n8000-lambda0.01-seed01,adafnn,1,8000,0.01,learned,32,8000,2.659813276518784,2.969490957312052,2.040501808197342,3.494110809530612,0.0538471639904186,3.9376424210148313
adafnn-n8000-lambda0.01-seed01,adafnn,1,8000,0.01,behavior,64,8000,0.1305233590713767,0.1120973849735217,0.0457854506609431,0.1922171599396203,0.0020873777187861,0.9226613484648102
adafnn-n8000-lambda0.01-seed01,adafnn,1,8000,0.01,learned,64,8000,2.534730786803431,2.821960764408599,1.9099860908434336,3.4229896376921407,0.0394893386042955,3.932528713076623
adafnn-n8000-lambda0.01-seed01,adafnn,1,8000,0.01,behavior,128,8000,0.1154474437459366,0.0995824672152217,0.0404096848247678,0.170944921431729,0.0020873777187861,0.6102298252658794
adafnn-n8000-lambda0.01-seed01,adafnn,1,8000,0.01,learned,128,8000,2.371078901849314,2.678893381365105,1.6170964395619043,3.3368223410385176,0.0394893386042955,3.881253436575845
adafnn-n8000-lambda0.0001-seed02,adafnn,2,8000,0.0001,behavior,16,8000,0.1774190434006081,0.1485800312407039,0.0618606139000852,0.2591775680618243,0.0023516107036424,1.155298579379587
adafnn-n8000-lambda0.0001-seed02,adafnn,2,8000,0.0001,learned,16,8000,2.146360952138846,2.570010305384276,0.6918342404808299,3.352182799423157,0.0062073955147667,3.940977731458201
adafnn-n8000-lambda0.0001-seed02,adafnn,2,8000,0.0001,behavior,32,8000,0.1516372254782575,0.1292886737034226,0.0524654388592059,0.2235763454488471,0.0023516107036424,0.9643655146872244
adafnn-n8000-lambda0.0001-seed02,adafnn,2,8000,0.0001,learned,32,8000,2.049433842041511,2.4027478993722418,0.5527663743713256,3.2489248602061624,0.0062073955147667,3.933493518939589
adafnn-n8000-lambda0.0001-seed02,adafnn,2,8000,0.0001,behavior,64,8000,0.1323410246001613,0.1129073107801575,0.045836185075795,0.194897650909896,0.002153878035493,0.9141001021500098
adafnn-n8000-lambda0.0001-seed02,adafnn,2,8000,0.0001,learned,64,8000,1.94264013655076,2.2956658748581704,0.4440539498945249,3.160457659219912,0.0062073955147667,3.875844448436738
adafnn-n8000-lambda0.0001-seed02,adafnn,2,8000,0.0001,behavior,128,8000,0.1174611910615611,0.1012389645842312,0.0404919276996152,0.1751123380432311,0.002153878035493,0.7391409857599722
adafnn-n8000-lambda0.0001-seed02,adafnn,2,8000,0.0001,learned,128,8000,1.8125047226887367,2.16186750061833,0.2596069541394687,2.9992333657612598,0.0060909303313849,3.836859991326637
adafnn-n8000-lambda0.0001-seed03,adafnn,3,8000,0.0001,behavior,16,8000,0.1758607441019423,0.1461361061517758,0.0609455449038656,0.256116930867088,0.0035141239034748,1.236982637032943
adafnn-n8000-lambda0.0001-seed03,adafnn,3,8000,0.0001,learned,16,8000,2.435028886927963,2.8160926606483137,1.5210878139100596,3.5421450835610977,0.0337954553420472,3.96048436427938
adafnn-n8000-lambda0.0001-seed03,adafnn,3,8000,0.0001,behavior,32,8000,0.1507347462024502,0.1266291918475979,0.0522095059209724,0.2213478799433871,0.0035141239034748,1.1385247139656711
adafnn-n8000-lambda0.0001-seed03,adafnn,3,8000,0.0001,learned,32,8000,2.323840372713891,2.645240760064288,1.2210356672305192,3.457584779428597,0.0337954553420472,3.939401899635317
adafnn-n8000-lambda0.0001-seed03,adafnn,3,8000,0.0001,behavior,64,8000,0.1310077953079615,0.1117636181772162,0.0462420370450502,0.192964004509975,0.0035141239034748,0.9262781428413565
adafnn-n8000-lambda0.0001-seed03,adafnn,3,8000,0.0001,learned,64,8000,2.202562786020185,2.5166610263627858,1.1431177937600805,3.3647138686008287,0.0337954553420472,3.911612885234726
adafnn-n8000-lambda0.0001-seed03,adafnn,3,8000,0.0001,behavior,128,8000,0.1161021276331584,0.1000082867150757,0.0411231000186252,0.169981547637396,0.0029764103258137,0.71008662964661
adafnn-n8000-lambda0.0001-seed03,adafnn,3,8000,0.0001,learned,128,8000,2.047784495918138,2.311328539730671,0.8586444430044905,3.1209858300730087,0.0337954553420472,3.902469255121868
adafnn-n8000-lambda0.1-seed04,adafnn,4,8000,0.1,behavior,16,8000,0.1812569527391165,0.1545550025498585,0.0701497845362817,0.2639333689460405,0.0030499397059399,0.969955020107259
adafnn-n8000-lambda0.1-seed04,adafnn,4,8000,0.1,learned,16,8000,2.241005417748254,2.643354561801298,0.7317824845026952,3.498852220981793,0.0292059536109521,3.948863546947386
adafnn-n8000-lambda0.1-seed04,adafnn,4,8000,0.1,behavior,32,8000,0.1547387007601218,0.1334768449752029,0.060037291869589,0.2258320267821813,0.00209780404992,0.9131681244318276
adafnn-n8000-lambda0.1-seed04,adafnn,4,8000,0.1,learned,32,8000,2.141274781317592,2.5281109935738804,0.6175313536274077,3.4258233790837136,0.0292059536109521,3.940139947309424
adafnn-n8000-lambda0.1-seed04,adafnn,4,8000,0.1,behavior,64,8000,0.1347876556280394,0.1176967606554848,0.0527016247567216,0.1968002441230618,0.00209780404992,0.8884996980978302
adafnn-n8000-lambda0.1-seed04,adafnn,4,8000,0.1,learned,64,8000,2.025364229223645,2.2415153943340607,0.5007872133421196,3.3541273019357987,0.0292059536109521,3.927492111950996
adafnn-n8000-lambda0.1-seed04,adafnn,4,8000,0.1,behavior,128,8000,0.1193832729596679,0.105478478106529,0.047694119888414,0.173499099178522,0.00209780404992,0.8273476704329646
adafnn-n8000-lambda0.1-seed04,adafnn,4,8000,0.1,learned,128,8000,1.8817594864860967,2.0644316965796063,0.3174231859409698,3.189527877225958,0.0292059536109521,3.886995567855143
adafnn-n8000-lambda0.0001-seed05,adafnn,5,8000,0.0001,behavior,16,8000,0.1739763094573703,0.1475963387928835,0.0593122188436097,0.2569422101919371,0.0020455782421175,1.1695872289081168
adafnn-n8000-lambda0.0001-seed05,adafnn,5,8000,0.0001,learned,16,8000,0.9568897815779496,0.9902192379529444,0.4270623287491802,1.4500293846590122,0.0272014346209312,2.3371444114526247
adafnn-n8000-lambda0.0001-seed05,adafnn,5,8000,0.0001,behavior,32,8000,0.1485197910511228,0.1275518641443694,0.0504252338292908,0.2188996270330507,0.0020455782421175,1.0541377565048828
adafnn-n8000-lambda0.0001-seed05,adafnn,5,8000,0.0001,learned,32,8000,0.9016204165518606,0.9307386417719056,0.4012374819288146,1.3773647163469809,0.0259807803366994,2.111832966512233
adafnn-n8000-lambda0.0001-seed05,adafnn,5,8000,0.0001,behavior,64,8000,0.1289131242104173,0.1121371653852417,0.0435134768146816,0.1902689091834792,0.0020455782421175,0.7038558234827683
adafnn-n8000-lambda0.0001-seed05,adafnn,5,8000,0.0001,learned,64,8000,0.8469787973349735,0.8503314095204265,0.3761915839088769,1.30112766178859,0.0243331848639948,2.015002424128732
adafnn-n8000-lambda0.0001-seed05,adafnn,5,8000,0.0001,behavior,128,8000,0.1144535650555599,0.1001697368331526,0.038351553297131,0.1700064985919079,0.0020455782421175,0.686976254562041
adafnn-n8000-lambda0.0001-seed05,adafnn,5,8000,0.0001,learned,128,8000,0.7904772716110047,0.7592477718706615,0.3589024626197478,1.23055632209014,0.0233108858632954,1.9509990825545265
adafnn-n8000-lambda0.01-seed06,adafnn,6,8000,0.01,behavior,16,8000,0.1739505737750397,0.1462707245170974,0.0588049607419078,0.2579591483370561,0.0024936431930257,1.0479941335605605
adafnn-n8000-lambda0.01-seed06,adafnn,6,8000,0.01,learned,16,8000,0.6857153521917978,0.425197376300824,0.0642321467381117,1.0716680562582377,0.0058712405410665,2.862292580194767
adafnn-n8000-lambda0.01-seed06,adafnn,6,8000,0.01,behavior,32,8000,0.1490177315304897,0.1261107544000532,0.0499454150150643,0.2204857415638,0.0024936431930257,0.8611640765736459
adafnn-n8000-lambda0.01-seed06,adafnn,6,8000,0.01,learned,32,8000,0.6282942704632577,0.3220807291691319,0.0515079996625101,1.0011007616475438,0.0058712405410665,2.70308485189424
adafnn-n8000-lambda0.01-seed06,adafnn,6,8000,0.01,behavior,64,8000,0.1296465367715682,0.1097430724218082,0.0445990619116462,0.1920310233909866,0.0024936431930257,0.6743120913660959
adafnn-n8000-lambda0.01-seed06,adafnn,6,8000,0.01,learned,64,8000,0.5757370288268493,0.2373572289715286,0.0413608925214681,0.9429943348312256,0.0058712405410665,2.628915702855538
adafnn-n8000-lambda0.01-seed06,adafnn,6,8000,0.01,behavior,128,8000,0.1141107002865248,0.0970978409798526,0.0398057097774395,0.1703646780036009,0.0024014987390387,0.6623450881537849
adafnn-n8000-lambda0.01-seed06,adafnn,6,8000,0.01,learned,128,8000,0.5197816631666714,0.1776390566474921,0.0368724971321418,0.8770405458393634,0.0058712405410665,2.5652678547379293
adafnn-n8000-lambda0.001-seed07,adafnn,7,8000,0.001,behavior,16,8000,0.1711861723174801,0.1411078764268316,0.0579946540756647,0.2501380336595823,0.0031185020548825,1.047136821002974
adafnn-n8000-lambda0.001-seed07,adafnn,7,8000,0.001,learned,16,8000,1.0783951603273498,0.369920180391782,0.0892299896274967,2.176435448380677,0.0076414464474801,3.941838574039519
adafnn-n8000-lambda0.001-seed07,adafnn,7,8000,0.001,behavior,32,8000,0.1462038779918619,0.1211451427980599,0.0498071116779544,0.2146215427180789,0.0027558049449578,1.047136821002974
adafnn-n8000-lambda0.001-seed07,adafnn,7,8000,0.001,learned,32,8000,1.0051601019794272,0.3078588137348341,0.0774125491426003,1.9881012629032917,0.0046851134453323,3.916178800157287
adafnn-n8000-lambda0.001-seed07,adafnn,7,8000,0.001,behavior,64,8000,0.1272455092745197,0.1063130879028191,0.0434319616578916,0.1858839478521853,0.0027558049449578,1.0039702584565633
adafnn-n8000-lambda0.001-seed07,adafnn,7,8000,0.001,learned,64,8000,0.9218655439987988,0.2239230545745112,0.0740005163516604,1.7033450561245338,0.0040523118817844,3.876484021107389
adafnn-n8000-lambda0.001-seed07,adafnn,7,8000,0.001,behavior,128,8000,0.1126171884393328,0.0942382322179431,0.0383781972360168,0.1663358748815379,0.0021720868090343,0.8461711488369099
adafnn-n8000-lambda0.001-seed07,adafnn,7,8000,0.001,learned,128,8000,0.8188795113961892,0.1711620572679258,0.0611254590475352,1.478971424678728,0.0040523118817844,3.741991567283015
adafnn-n8000-lambda0.001-seed08,adafnn,8,8000,0.001,behavior,16,8000,0.1759593551002249,0.152188753946636,0.0620202371854771,0.2594274684551536,0.0032515246344606,1.2487768500159993
adafnn-n8000-lambda0.001-seed08,adafnn,8,8000,0.001,learned,16,8000,0.64126205950177,0.2487500506081818,0.0811084662836851,0.7548504603268279,0.0071605992891923,3.859658373859116
adafnn-n8000-lambda0.001-seed08,adafnn,8,8000,0.001,behavior,32,8000,0.1507935676445373,0.1303522803406446,0.0538151383756031,0.2214036116164366,0.0029728250204231,1.0048593288393135
adafnn-n8000-lambda0.001-seed08,adafnn,8,8000,0.001,learned,32,8000,0.5721649883306232,0.2060809446709464,0.0641016891104566,0.616480668172666,0.0071605992891923,3.792299014292229
adafnn-n8000-lambda0.001-seed08,adafnn,8,8000,0.001,behavior,64,8000,0.1309162867519042,0.1138754840200229,0.0466899320390519,0.1942722996281627,0.0029728250204231,0.8576671057581857
adafnn-n8000-lambda0.001-seed08,adafnn,8,8000,0.001,learned,64,8000,0.496578977563746,0.160674873913536,0.0542641431252507,0.4975462109112608,0.0071605992891923,3.6501725179684383
adafnn-n8000-lambda0.001-seed08,adafnn,8,8000,0.001,behavior,128,8000,0.1161704032218809,0.1013472098509511,0.0413449684126789,0.1730875093484649,0.0029108101811735,0.8576671057581857
adafnn-n8000-lambda0.001-seed08,adafnn,8,8000,0.001,learned,128,8000,0.4140738003508105,0.1322884184094595,0.0446537005010009,0.3969143133481178,0.0071605992891923,3.5027267673673173
adafnn-n8000-lambda0.001-seed09,adafnn,9,8000,0.001,behavior,16,8000,0.1730345980485898,0.1457693579600957,0.0615235253118964,0.2518963759819622,0.0021402845471731,1.024104763064266
adafnn-n8000-lambda0.001-seed09,adafnn,9,8000,0.001,learned,16,8000,1.727939933597245,1.3303661646804998,0.2705276320391779,3.413133374268216,0.0076617374297893,3.943549508335578
adafnn-n8000-lambda0.001-seed09,adafnn,9,8000,0.001,behavior,32,8000,0.1478351506032708,0.1249409873025168,0.0535023421680074,0.2168923706947862,0.0021402845471731,1.024104763064266
adafnn-n8000-lambda0.001-seed09,adafnn,9,8000,0.001,learned,32,8000,1.639369121030973,1.074232274193448,0.2342153060409587,3.3239150404793003,0.0070085514872662,3.912005992283434
adafnn-n8000-lambda0.001-seed09,adafnn,9,8000,0.001,behavior,64,8000,0.1292357972457145,0.1101550283714228,0.0461513451644531,0.1902341827818061,0.0021402845471731,0.9352202524844048
adafnn-n8000-lambda0.001-seed09,adafnn,9,8000,0.001,learned,64,8000,1.5423461064730213,0.9364606782820089,0.1813364997353377,3.148137520163183,0.0064296737075607,3.8997708552761767
adafnn-n8000-lambda0.001-seed09,adafnn,9,8000,0.001,behavior,128,8000,0.1147062735187309,0.0988908164455615,0.0411465495969465,0.1682429407158203,0.0021402845471731,0.6929046772009773
adafnn-n8000-lambda0.001-seed09,adafnn,9,8000,0.001,learned,128,8000,1.428670424200675,0.7700351239265251,0.1461829954367378,2.939603362630593,0.0046286314823226,3.872791610933007
adafnn-n8000-lambda0.001-seed10,adafnn,10,8000,0.001,behavior,16,8000,0.1725968659001996,0.1434044333557087,0.0594647084761742,0.2492037038458553,0.0030360414844025,1.1561523546124546
adafnn-n8000-lambda0.001-seed10,adafnn,10,8000,0.001,learned,16,8000,0.9732402821759952,0.8693536580727893,0.413529465850201,1.290690086677,0.0214134211343118,2.9177994886309717
adafnn-n8000-lambda0.001-seed10,adafnn,10,8000,0.001,behavior,32,8000,0.148192833249425,0.1223432456311982,0.0500247240194926,0.2178317044116248,0.002847750948993,1.0519698964017783
adafnn-n8000-lambda0.001-seed10,adafnn,10,8000,0.001,learned,32,8000,0.9245604021846688,0.8161067440975418,0.382237291538788,1.2081620431837483,0.0182895940894945,2.841304780236088
adafnn-n8000-lambda0.001-seed10,adafnn,10,8000,0.001,behavior,64,8000,0.1285228601244425,0.1069882275146679,0.0442487462567973,0.1901082191226266,0.002847750948993,0.9253333138284432
adafnn-n8000-lambda0.001-seed10,adafnn,10,8000,0.001,learned,64,8000,0.8756438662563124,0.7610757366676328,0.3445767775911359,1.1251460882579738,0.0166883102664513,2.797446852580166
adafnn-n8000-lambda0.001-seed10,adafnn,10,8000,0.001,behavior,128,8000,0.1137386076724693,0.0952282719918319,0.0393313732498505,0.1694847425903539,0.0025245676604638,0.6933451017913281
adafnn-n8000-lambda0.001-seed10,adafnn,10,8000,0.001,learned,128,8000,0.8249740119339007,0.7102518062635793,0.3286112659679782,1.0233961557543312,0.0145678644324539,2.6792814616889604
adafnn-n8000-lambda0.001-seed11,adafnn,11,8000,0.001,behavior,16,8000,0.1745851887145276,0.1472289171247931,0.0589717919445775,0.2565354618554284,0.0025343072787999,1.2526215673387793
adafnn-n8000-lambda0.001-seed11,adafnn,11,8000,0.001,learned,16,8000,2.3102749875002484,2.8568131115626185,0.7296303827498031,3.598924946212889,0.1035264467286115,3.964941282277305
adafnn-n8000-lambda0.001-seed11,adafnn,11,8000,0.001,behavior,32,8000,0.1492909279846045,0.1266956182549001,0.0499661629656195,0.2201704029697079,0.0025343072787999,1.1756686001889738
adafnn-n8000-lambda0.001-seed11,adafnn,11,8000,0.001,learned,32,8000,2.220217521330704,2.738850556121618,0.5923656405492408,3.531602123814313,0.1035264467286115,3.9549036796392416
adafnn-n8000-lambda0.001-seed11,adafnn,11,8000,0.001,behavior,64,8000,0.1297609756474917,0.1121849790865908,0.0435334263504172,0.1945859918799683,0.002504352037579,0.7828116010508914
adafnn-n8000-lambda0.001-seed11,adafnn,11,8000,0.001,learned,64,8000,2.116490626878311,2.552304416314193,0.5275788285178383,3.4329219022728137,0.1035264467286115,3.922118548492688
adafnn-n8000-lambda0.001-seed11,adafnn,11,8000,0.001,behavior,128,8000,0.114673726321099,0.0988886206085059,0.0393088566184399,0.1722227693959274,0.002504352037579,0.768355808435506
adafnn-n8000-lambda0.001-seed11,adafnn,11,8000,0.001,learned,128,8000,1.9795995435213,2.2243044455927534,0.3838697549570187,3.335047670518887,0.1035264467286115,3.897098877517767
adafnn-n8000-lambda0.1-seed12,adafnn,12,8000,0.1,behavior,16,8000,0.175045787691313,0.1463247204437642,0.062258265973767,0.2558410583952106,0.0027572529871277,1.164231479575503
adafnn-n8000-lambda0.1-seed12,adafnn,12,8000,0.1,learned,16,8000,2.343159254978639,2.8467225753700225,0.8274425390438089,3.602097945781228,0.0283991645007246,3.969092097386009
adafnn-n8000-lambda0.1-seed12,adafnn,12,8000,0.1,behavior,32,8000,0.1494596011999307,0.125530856131278,0.0521742034976865,0.2179137469103247,0.0027572529871277,1.093135614505473
adafnn-n8000-lambda0.1-seed12,adafnn,12,8000,0.1,learned,32,8000,2.2446095211172987,2.7417279721391483,0.7424280816092613,3.535579679115223,0.0283991645007246,3.947076600547391
adafnn-n8000-lambda0.1-seed12,adafnn,12,8000,0.1,behavior,64,8000,0.1303230907804697,0.110260541544554,0.0459627223153544,0.1907858533943463,0.002627926783221,0.7197463392570657
adafnn-n8000-lambda0.1-seed12,adafnn,12,8000,0.1,learned,64,8000,2.1312523996847696,2.60187758643589,0.574281363320808,3.4098550313748466,0.0283991645007246,3.926247309613322
adafnn-n8000-lambda0.1-seed12,adafnn,12,8000,0.1,behavior,128,8000,0.1157125398091767,0.0988667791542103,0.0406156536755079,0.171368800020105,0.0021441408855755,0.6562110857495634
adafnn-n8000-lambda0.1-seed12,adafnn,12,8000,0.1,learned,128,8000,1.987292391832763,2.2993034102721674,0.4427117528827965,3.260048126201681,0.0283991645007246,3.8931244920464136
adafnn-n8000-lambda0.0001-seed13,adafnn,13,8000,0.0001,behavior,16,8000,0.1747994733358391,0.1495941796144673,0.0628981834486433,0.2560018232859882,0.0040108218680811,0.9710012921590724
adafnn-n8000-lambda0.0001-seed13,adafnn,13,8000,0.0001,learned,16,8000,2.800388375883641,3.063818477629596,2.3237423746562182,3.57116766279369,0.0338059995893433,3.960581198605451
adafnn-n8000-lambda0.0001-seed13,adafnn,13,8000,0.0001,behavior,32,8000,0.1499339826469717,0.1278068080494449,0.0544472229099679,0.2198730102391437,0.0033931837868127,0.9097442320166796
adafnn-n8000-lambda0.0001-seed13,adafnn,13,8000,0.0001,learned,32,8000,2.698026072364104,2.92555364467139,2.183457101488364,3.501205440786197,0.0265359267713605,3.9473956718400194
adafnn-n8000-lambda0.0001-seed13,adafnn,13,8000,0.0001,behavior,64,8000,0.1299109648181184,0.1126328041047243,0.0477082987121219,0.1892946315768626,0.0024811136496146,0.7619390721587405
adafnn-n8000-lambda0.0001-seed13,adafnn,13,8000,0.0001,learned,64,8000,2.575435166314836,2.8047854250584505,1.9836232348886476,3.4102543920780857,0.0175298345269905,3.931523508194308
adafnn-n8000-lambda0.0001-seed13,adafnn,13,8000,0.0001,behavior,128,8000,0.1149545610932351,0.0992867034662681,0.0419507632720212,0.1697305238890808,0.0018726257000172,0.7189823189415487
adafnn-n8000-lambda0.0001-seed13,adafnn,13,8000,0.0001,learned,128,8000,2.4132738052971447,2.663203302781246,1.7321944764240014,3.351983916725731,0.0141575893997945,3.9248359236836463
adafnn-n8000-lambda0.1-seed14,adafnn,14,8000,0.1,behavior,16,8000,0.1702124870120061,0.1403888337000736,0.0541852766967305,0.2518833007996767,0.002699349677765,1.2183437068154033
adafnn-n8000-lambda0.1-seed14,adafnn,14,8000,0.1,learned,16,8000,2.334744218774188,2.8445620385095336,0.772099189806262,3.605715807775833,0.0698774522589222,3.958745188351873
adafnn-n8000-lambda0.1-seed14,adafnn,14,8000,0.1,behavior,32,8000,0.1463965760946307,0.1207738560399155,0.0460244386328791,0.2170436849590102,0.0021656205690475,1.2183437068154033
adafnn-n8000-lambda0.1-seed14,adafnn,14,8000,0.1,learned,32,8000,2.238356143055197,2.694863789730475,0.6630170586351474,3.548636546179641,0.0698774522589222,3.954177922037068
adafnn-n8000-lambda0.1-seed14,adafnn,14,8000,0.1,behavior,64,8000,0.1275877712317551,0.1049669736527993,0.0406652392602877,0.1889268885393901,0.0014440950577181,0.9883584260707008
adafnn-n8000-lambda0.1-seed14,adafnn,14,8000,0.1,learned,64,8000,2.125256622878952,2.5101232742090334,0.5312116265039111,3.456929821456356,0.0541321523758533,3.92273921718003
adafnn-n8000-lambda0.1-seed14,adafnn,14,8000,0.1,behavior,128,8000,0.112796100294614,0.0925817547258774,0.0357589810684506,0.1692669290832145,0.0014440950577181,0.8665210484750221
adafnn-n8000-lambda0.1-seed14,adafnn,14,8000,0.1,learned,128,8000,1.9856410322071196,2.2557928319665663,0.4277331795323605,3.3758400187807185,0.0526362911229175,3.9091385469960898
adafnn-n8000-lambda0.1-seed15,adafnn,15,8000,0.1,behavior,16,8000,0.1753605872052464,0.1471315977484876,0.0623834726026369,0.2561786274881366,0.0033518985362833,1.1100517786369335
adafnn-n8000-lambda0.1-seed15,adafnn,15,8000,0.1,learned,16,8000,2.320079380053301,2.7576771140176906,1.0472335746942794,3.47915115726883,0.0270532865717415,3.964121680635419
adafnn-n8000-lambda0.1-seed15,adafnn,15,8000,0.1,behavior,32,8000,0.1504918206384475,0.1265370566776479,0.053580228960481,0.2205829750183727,0.0033518985362833,0.9376993143081612
adafnn-n8000-lambda0.1-seed15,adafnn,15,8000,0.1,learned,32,8000,2.2300149507281084,2.665532720092973,0.8774863148911886,3.410708335520337,0.023281255656377,3.937227185942279
adafnn-n8000-lambda0.1-seed15,adafnn,15,8000,0.1,behavior,64,8000,0.1305709267496297,0.110478662605618,0.046547616361967,0.1919815909773757,0.0020112997595061,0.9262063587352338
adafnn-n8000-lambda0.1-seed15,adafnn,15,8000,0.1,learned,64,8000,2.118555551370868,2.5413769700921827,0.6618177061982607,3.284619505534551,0.0173492831107908,3.9345013332239898
adafnn-n8000-lambda0.1-seed15,adafnn,15,8000,0.1,behavior,128,8000,0.1150667592714234,0.0978619558772724,0.0411913806482709,0.1699232704022497,0.0020112997595061,0.8318605465949926
adafnn-n8000-lambda0.1-seed15,adafnn,15,8000,0.1,learned,128,8000,1.980782630926955,2.277726148789355,0.5282119989149443,3.1720790835106474,0.0145246979737464,3.8785543667169495
adafnn-n8000-lambda0.0001-seed16,adafnn,16,8000,0.0001,behavior,16,8000,0.1744482032016971,0.1506151261948542,0.0598779590254555,0.2547562866775657,0.0023020226057438,1.0252987496174544
adafnn-n8000-lambda0.0001-seed16,adafnn,16,8000,0.0001,learned,16,8000,0.9511315136120122,0.8702638094405448,0.5522090372229835,1.2917774839938332,0.0206449401117504,2.784974283687265
adafnn-n8000-lambda0.0001-seed16,adafnn,16,8000,0.0001,behavior,32,8000,0.1494762514950787,0.1282765933062062,0.0519668879081656,0.2170089158887625,0.0022452912971363,0.9169787389680536
adafnn-n8000-lambda0.0001-seed16,adafnn,16,8000,0.0001,learned,32,8000,0.8874121648713661,0.8185621521507442,0.507799046647263,1.1944292502499083,0.0165526506890829,2.654598102278554
adafnn-n8000-lambda0.0001-seed16,adafnn,16,8000,0.0001,behavior,64,8000,0.1306071525919343,0.113553538710171,0.0450574289298535,0.1910005671386335,0.0022452912971363,0.8092545180534587
adafnn-n8000-lambda0.0001-seed16,adafnn,16,8000,0.0001,learned,64,8000,0.8268177142535048,0.7264735554425872,0.4732532798006034,1.09415975933339,0.0117016418929465,2.5138960831590387
adafnn-n8000-lambda0.0001-seed16,adafnn,16,8000,0.0001,behavior,128,8000,0.1160055422464279,0.0994322837572924,0.0398774316154056,0.1719169166419579,0.0021599396644168,0.8092545180534587
adafnn-n8000-lambda0.0001-seed16,adafnn,16,8000,0.0001,learned,128,8000,0.762022957158773,0.676087256378149,0.4380788432860939,1.0032218628742071,0.0115214695189635,2.4213132872113183
adafnn-n8000-lambda1-seed17,adafnn,17,8000,1.0,behavior,16,8000,0.1769665146639894,0.1497820298810061,0.0644684951400128,0.2568566470094597,0.0012795568315963,1.2794058683542853
adafnn-n8000-lambda1-seed17,adafnn,17,8000,1.0,learned,16,8000,2.3633146120429385,2.8020766808814077,1.328715891292918,3.477328940382356,0.0053688605908877,3.934432083487708
adafnn-n8000-lambda1-seed17,adafnn,17,8000,1.0,behavior,32,8000,0.151789620878653,0.1287868497439078,0.0557749977476318,0.2220465915095134,0.0012795568315963,1.2794058683542853
adafnn-n8000-lambda1-seed17,adafnn,17,8000,1.0,learned,32,8000,2.261190085964916,2.7059366780107017,1.1147225653050938,3.3830471525899863,0.0053688605908877,3.9093735811493953
adafnn-n8000-lambda1-seed17,adafnn,17,8000,1.0,behavior,64,8000,0.1319658493809893,0.1134672206569405,0.0486232729662808,0.1930133168251012,0.0012795568315963,1.0547036934323493
adafnn-n8000-lambda1-seed17,adafnn,17,8000,1.0,learned,64,8000,2.1467699221408147,2.5322366802694614,0.8525503939614961,3.280885170964198,0.0053688605908877,3.859002235067272
adafnn-n8000-lambda1-seed17,adafnn,17,8000,1.0,behavior,128,8000,0.1164503557969819,0.1007391626612084,0.0430935719215387,0.1704838983905736,0.0012795568315963,0.8753880074295922
adafnn-n8000-lambda1-seed17,adafnn,17,8000,1.0,learned,128,8000,2.0010775435563017,2.254216806007507,0.7119572895891432,3.108080320767165,0.0053688605908877,3.828440660554155
adafnn-n8000-lambda0.01-seed18,adafnn,18,8000,0.01,behavior,16,8000,0.175536527909506,0.1526069447299995,0.0657617453374887,0.2550613335297584,0.0033669060406984,0.9244302992667828
adafnn-n8000-lambda0.01-seed18,adafnn,18,8000,0.01,learned,16,8000,1.6858774267192635,1.707487525352943,0.1875587556320151,2.973935095790081,0.0090232206095192,3.928298526371284
adafnn-n8000-lambda0.01-seed18,adafnn,18,8000,0.01,behavior,32,8000,0.1510360952848674,0.1294721023241615,0.0567700696391042,0.2205956263396121,0.0033669060406984,0.9244302992667828
adafnn-n8000-lambda0.01-seed18,adafnn,18,8000,0.01,learned,32,8000,1.595836917474983,1.4469767327886018,0.1504563541395689,2.879354289618607,0.0088272392484802,3.91706023366482
adafnn-n8000-lambda0.01-seed18,adafnn,18,8000,0.01,behavior,64,8000,0.131543278686115,0.1141610694301528,0.0490466404633828,0.1927054374391294,0.00161616573371,0.7712593196909322
adafnn-n8000-lambda0.01-seed18,adafnn,18,8000,0.01,learned,64,8000,1.4937614223648352,1.2817273720091784,0.122040338594275,2.7225822177666426,0.0081129276807761,3.893274543748317
adafnn-n8000-lambda0.01-seed18,adafnn,18,8000,0.01,behavior,128,8000,0.1165624841093335,0.1025897861073898,0.0433663161358068,0.1716423412665216,0.00161616573371,0.7189579064497944
adafnn-n8000-lambda0.01-seed18,adafnn,18,8000,0.01,learned,128,8000,1.3595339962010229,1.0718408762027036,0.0852743577307685,2.4899298001876704,0.0081129276807761,3.843050995066849
adafnn-n8000-lambda0.0001-seed19,adafnn,19,8000,0.0001,behavior,16,8000,0.1687936961568934,0.1381334760594398,0.0567680985398701,0.2507907730771474,0.0038383615371476,0.9247890061648372
adafnn-n8000-lambda0.0001-seed19,adafnn,19,8000,0.0001,learned,16,8000,0.6435951116712881,0.4791326285423211,0.0786268333617937,1.0061817134219826,0.0059193941438371,2.957899224893247
adafnn-n8000-lambda0.0001-seed19,adafnn,19,8000,0.0001,behavior,32,8000,0.1440522662924108,0.1184985584900009,0.0481500055084619,0.2132941843479699,0.0020380059466853,0.9247890061648372
adafnn-n8000-lambda0.0001-seed19,adafnn,19,8000,0.0001,learned,32,8000,0.5936072356780967,0.4326971520668626,0.0684618852214659,0.950899611756192,0.0057499046087309,2.781316031239262
adafnn-n8000-lambda0.0001-seed19,adafnn,19,8000,0.0001,behavior,64,8000,0.1252715737691505,0.1043195526945913,0.0419823747524955,0.1884280861251384,0.0020380059466853,0.7644807312701701
adafnn-n8000-lambda0.0001-seed19,adafnn,19,8000,0.0001,learned,64,8000,0.5482565333008106,0.3763789118120575,0.0553506089480754,0.9104654924222796,0.0054381351806327,2.7239859415308136
adafnn-n8000-lambda0.0001-seed19,adafnn,19,8000,0.0001,behavior,128,8000,0.1112082115481603,0.0933564386830399,0.0367572091628085,0.1664739150890276,0.0020380059466853,0.7432587301509584
adafnn-n8000-lambda0.0001-seed19,adafnn,19,8000,0.0001,learned,128,8000,0.4998452541024131,0.3168409702263773,0.0433247026176998,0.8621310174682095,0.0054381351806327,2.5276614719622823
adafnn-n16000-lambda0.01-seed00,adafnn,0,16000,0.01,behavior,16,16000,0.1743840797736982,0.1458882328268618,0.0623026451205244,0.2533765061980016,0.0024846108293433,1.2768799720286617
adafnn-n16000-lambda0.01-seed00,adafnn,0,16000,0.01,learned,16,16000,2.643301977623611,2.988143281519548,1.9640227923188225,3.585718986166276,0.0279764408207047,3.9611674826125647
adafnn-n16000-lambda0.01-seed00,adafnn,0,16000,0.01,behavior,32,16000,0.1491152598558831,0.125945472425456,0.0536508557369293,0.2169477010058386,0.0022219214584357,1.1930170783994674
adafnn-n16000-lambda0.01-seed00,adafnn,0,16000,0.01,learned,32,16000,2.5486308254230665,2.8936076187621094,1.7891792886013849,3.528549370673547,0.0248494292098424,3.942607877162599
adafnn-n16000-lambda0.01-seed00,adafnn,0,16000,0.01,behavior,64,16000,0.1294498028281008,0.110277327838651,0.0464537728665146,0.189999606328484,0.0022219214584357,0.8416872648183029
adafnn-n16000-lambda0.01-seed00,adafnn,0,16000,0.01,learned,64,16000,2.4429594534744683,2.7800791110699894,1.6259454199132106,3.4308527549240315,0.0151382650437607,3.920813279012447
adafnn-n16000-lambda0.01-seed00,adafnn,0,16000,0.01,behavior,128,16000,0.1141579433390394,0.0974982067531848,0.0406127999380142,0.1682853011795689,0.0019343324800885,0.7502788722479435
adafnn-n16000-lambda0.01-seed00,adafnn,0,16000,0.01,learned,128,16000,2.3225483285234603,2.610901633919112,1.407982876631792,3.346389908298702,0.0151382650437607,3.903371830277198
adafnn-n16000-lambda0.1-seed01,adafnn,1,16000,0.1,behavior,16,16000,0.1737716688975061,0.1473763951681885,0.0594333799411183,0.2558148440656097,0.0030303002719638,1.248330929362763
adafnn-n16000-lambda0.1-seed01,adafnn,1,16000,0.1,learned,16,16000,1.2325083032224164,1.2097531943712287,0.8628744156136722,1.6296042209981627,0.2248254221687796,1.9579539656510043
adafnn-n16000-lambda0.1-seed01,adafnn,1,16000,0.1,behavior,32,16000,0.1485348899909404,0.1256116373608582,0.0507581644968686,0.2189530945297754,0.0024420182299135,0.9968687901374024
adafnn-n16000-lambda0.1-seed01,adafnn,1,16000,0.1,learned,32,16000,1.166201292232636,1.1089274754584737,0.7869575903101476,1.561194057098079,0.2248254221687796,1.94360287088319
adafnn-n16000-lambda0.1-seed01,adafnn,1,16000,0.1,behavior,64,16000,0.1289551288569616,0.1089416405994586,0.0445101886207546,0.1916981968993874,0.0024420182299135,0.9400598150518704
adafnn-n16000-lambda0.1-seed01,adafnn,1,16000,0.1,learned,64,16000,1.1004038020972775,1.0377640182455603,0.69582733283525,1.4946633443295778,0.2248254221687796,1.919339452081103
adafnn-n16000-lambda0.1-seed01,adafnn,1,16000,0.1,behavior,128,16000,0.1135456081278176,0.0972324819890176,0.039266606360328,0.1672067507181681,0.0020049268217504,0.8341229235778047
adafnn-n16000-lambda0.1-seed01,adafnn,1,16000,0.1,learned,128,16000,1.0280448315205144,0.9661391726435145,0.6275646289168061,1.443442107753137,0.2248254221687796,1.91639988384522
adafnn-n16000-lambda0.001-seed02,adafnn,2,16000,0.001,behavior,16,16000,0.1772844807693034,0.1504024301303975,0.0639773479855014,0.2584678847805148,0.0021939284556294,1.2113001021017782
adafnn-n16000-lambda0.001-seed02,adafnn,2,16000,0.001,learned,16,16000,0.6993596780845523,0.5411698760635332,0.090487085421225,1.0247190512971536,0.0062073954818022,2.7483234612979643
adafnn-n16000-lambda0.001-seed02,adafnn,2,16000,0.001,behavior,32,16000,0.1516874229280191,0.1285889707162585,0.0546570910109271,0.2212253073731428,0.0021939284556294,1.0357103433210415
adafnn-n16000-lambda0.001-seed02,adafnn,2,16000,0.001,learned,32,16000,0.6454309807163036,0.5068304076081287,0.0692555085612475,0.937109011745463,0.0062073954510468,2.695641331814381
adafnn-n16000-lambda0.001-seed02,adafnn,2,16000,0.001,behavior,64,16000,0.1319748541698742,0.1126034940202092,0.0473799401240596,0.19300537472195,0.0015887234843817,0.944022420704022
adafnn-n16000-lambda0.001-seed02,adafnn,2,16000,0.001,learned,64,16000,0.5949702997149419,0.474414713639297,0.0603020585943587,0.879091867170461,0.0062073951454253,2.617773044494112
adafnn-n16000-lambda0.001-seed02,adafnn,2,16000,0.001,behavior,128,16000,0.1161382700984313,0.0994819629433216,0.0414931870750791,0.1717113052471524,0.0015887234843817,0.8125307141447541
adafnn-n16000-lambda0.001-seed02,adafnn,2,16000,0.001,learned,128,16000,0.547335526279149,0.4394975660825142,0.0493765704607471,0.7955092786597757,0.0062073887146082,2.5381331004642576
adafnn-n16000-lambda0.0001-seed03,adafnn,3,16000,0.0001,behavior,16,16000,0.1717777819554115,0.141975732477175,0.0572711753978574,0.2508573410837595,0.0031614673990542,1.0705970987323412
adafnn-n16000-lambda0.0001-seed03,adafnn,3,16000,0.0001,learned,16,16000,0.5495437880890154,0.3711372959524176,0.0693988381467874,0.8665005719761496,0.0071115982196199,2.698624181625897
adafnn-n16000-lambda0.0001-seed03,adafnn,3,16000,0.0001,behavior,32,16000,0.1469920396024923,0.1210944552505209,0.0487598976752808,0.2161407556332238,0.0031614673990542,1.0289491974413354
adafnn-n16000-lambda0.0001-seed03,adafnn,3,16000,0.0001,learned,32,16000,0.5037891746439997,0.3340457535949002,0.0574546996939429,0.8065933007135201,0.0071115982196199,2.462616600554299
adafnn-n16000-lambda0.0001-seed03,adafnn,3,16000,0.0001,behavior,64,16000,0.1275746408733525,0.105254424781524,0.0425101824709768,0.1878732728261618,0.0023071128520777,0.923108617260572
adafnn-n16000-lambda0.0001-seed03,adafnn,3,16000,0.0001,learned,64,16000,0.4622044832920636,0.303267956394419,0.0482344565786606,0.7434818942942294,0.0064613894389341,2.1302806747682994
adafnn-n16000-lambda0.0001-seed03,adafnn,3,16000,0.0001,behavior,128,16000,0.1120094186270362,0.0936552888302697,0.0378929350871958,0.1653582074072087,0.0023071128520777,0.9131914061467824
adafnn-n16000-lambda0.0001-seed03,adafnn,3,16000,0.0001,learned,128,16000,0.4216907948604616,0.2624384434512047,0.0367987062565532,0.6866919503946332,0.0046219973821134,1.9939044964806285
adafnn-n16000-lambda0.0001-seed04,adafnn,4,16000,0.0001,behavior,16,16000,0.1751634802656239,0.1479433346233191,0.0632778667669861,0.2557675539348376,0.0019923337725568,1.05063433506048
adafnn-n16000-lambda0.0001-seed04,adafnn,4,16000,0.0001,learned,16,16000,1.216081241346343,1.206988056010186,0.8621445422422002,1.585591452596691,0.2896355706361242,1.9597050822314408
adafnn-n16000-lambda0.0001-seed04,adafnn,4,16000,0.0001,behavior,32,16000,0.1497392464154611,0.128131255744359,0.0545345924934035,0.219100099001656,0.0019923337725568,1.05063433506048
adafnn-n16000-lambda0.0001-seed04,adafnn,4,16000,0.0001,learned,32,16000,1.1443091216873318,1.132604139448384,0.7778257425274359,1.5117550406991278,0.2896355706361242,1.9412055044957148
adafnn-n16000-lambda0.0001-seed04,adafnn,4,16000,0.0001,behavior,64,16000,0.1297691265936222,0.1117385169653077,0.0469767649674652,0.1899396398446804,0.0019923337725568,0.9953088817351348
adafnn-n16000-lambda0.0001-seed04,adafnn,4,16000,0.0001,learned,64,16000,1.0710173714751874,1.0229641420650486,0.6834843017300588,1.450597662867955,0.2896355706361242,1.9275559927233683
adafnn-n16000-lambda0.0001-seed04,adafnn,4,16000,0.0001,behavior,128,16000,0.1140844689768397,0.0985643467625294,0.0415160064752722,0.1674982483568304,0.0014527422210555,0.7253223760169755
adafnn-n16000-lambda0.0001-seed04,adafnn,4,16000,0.0001,learned,128,16000,0.992282701110526,0.9163684466083746,0.5661684246407022,1.3853062947547496,0.2896355706361242,1.9189677227767563
adafnn-n16000-lambda0.01-seed05,adafnn,5,16000,0.01,behavior,16,16000,0.1736998943280799,0.1467752648375231,0.0594585921671496,0.2557210857795488,0.0019247211727669,1.2812950840805892
adafnn-n16000-lambda0.01-seed05,adafnn,5,16000,0.01,learned,16,16000,0.7797464992588761,0.5402861215221447,0.0708677295037025,1.4476120091677835,0.0061575338142947,2.9889419585707957
adafnn-n16000-lambda0.01-seed05,adafnn,5,16000,0.01,behavior,32,16000,0.1482282458514126,0.1251049859782387,0.0509840001216106,0.2181344538346785,0.0019247211727669,1.087877723679663
adafnn-n16000-lambda0.01-seed05,adafnn,5,16000,0.01,learned,32,16000,0.7223060531088856,0.4778414077574469,0.0589625862078799,1.3527044518720772,0.0061575226692874,2.8175800040119143
adafnn-n16000-lambda0.01-seed05,adafnn,5,16000,0.01,behavior,64,16000,0.1284240260292856,0.1094816100002785,0.0438050329831734,0.1891746198432024,0.001638500173172,0.9953371081956728
adafnn-n16000-lambda0.01-seed05,adafnn,5,16000,0.01,learned,64,16000,0.66661928189017,0.4328171441970504,0.048665376821702,1.2909672875657736,0.0061574737484221,2.627019712118753
adafnn-n16000-lambda0.01-seed05,adafnn,5,16000,0.01,behavior,128,16000,0.112757502925734,0.0974354455500108,0.0385495269387803,0.1667701408489844,0.001638500173172,0.7655195215173594
adafnn-n16000-lambda0.01-seed05,adafnn,5,16000,0.01,learned,128,16000,0.6098668264420005,0.380766854889786,0.0392807676925073,1.132702210590076,0.006157262186203,2.459441507251824
adafnn-n16000-lambda0.01-seed06,adafnn,6,16000,0.01,behavior,16,16000,0.1741433572340983,0.1465817011451663,0.0603742292497008,0.2541426115047492,0.0018437429070495,1.387876427984531
adafnn-n16000-lambda0.01-seed06,adafnn,6,16000,0.01,learned,16,16000,0.8485921015663254,0.7298866661132175,0.0834427409401763,1.4397917765705792,0.0058668734886601,2.9068446711091176
adafnn-n16000-lambda0.01-seed06,adafnn,6,16000,0.01,behavior,32,16000,0.1488386240016552,0.1264207043552522,0.0514411640912297,0.2170317963244672,0.0018437429070495,1.0909251408905205
adafnn-n16000-lambda0.01-seed06,adafnn,6,16000,0.01,learned,32,16000,0.7876983834821994,0.6515908600345658,0.0669638207819156,1.3098204110169096,0.0058620024297583,2.657717038178562
adafnn-n16000-lambda0.01-seed06,adafnn,6,16000,0.01,behavior,64,16000,0.1294298335167951,0.1099119952790629,0.0451233240724469,0.1895888304432877,0.0018437429070495,0.8817472516353112
adafnn-n16000-lambda0.01-seed06,adafnn,6,16000,0.01,learned,64,16000,0.7301342967982559,0.5810033199040321,0.0530091919975318,1.230402868453548,0.0057796385748457,2.5226747700128263
adafnn-n16000-lambda0.01-seed06,adafnn,6,16000,0.01,behavior,128,16000,0.1137808224107158,0.0973037928356446,0.0402016177476678,0.1676390708148453,0.0018437429070495,0.8072007225608686
adafnn-n16000-lambda0.01-seed06,adafnn,6,16000,0.01,learned,128,16000,0.6741269647499015,0.5208406829396314,0.0430090517529434,1.118255855604529,0.0051147755370995,2.4150735024936387
adafnn-n16000-lambda0.001-seed07,adafnn,7,16000,0.001,behavior,16,16000,0.1746409499180832,0.1481661208813894,0.061405962868144,0.2528859939828227,0.0020163583144323,1.1446321668927597
adafnn-n16000-lambda0.001-seed07,adafnn,7,16000,0.001,learned,16,16000,0.7024169024440576,0.7172835646196277,0.1733130318501668,1.0871369679993896,0.007518394349624,2.0139421030420768
adafnn-n16000-lambda0.001-seed07,adafnn,7,16000,0.001,behavior,32,16000,0.1493838539773103,0.1278429326811593,0.0530680901858817,0.217609713729323,0.0020163583144323,0.9489355898099844
adafnn-n16000-lambda0.001-seed07,adafnn,7,16000,0.001,learned,32,16000,0.6613635653471657,0.6757192358966635,0.1505311961613649,1.024806148274722,0.0075178937035467,1.97899462001271
adafnn-n16000-lambda0.001-seed07,adafnn,7,16000,0.001,behavior,64,16000,0.129302564791093,0.111509432938743,0.0460070252385324,0.1877578462130869,0.0020163583144323,0.8772514563536884
adafnn-n16000-lambda0.001-seed07,adafnn,7,16000,0.001,learned,64,16000,0.6235153565058509,0.6303528326900922,0.1290265765134332,0.953645075570507,0.0075111436506578,1.97899462001271
adafnn-n16000-lambda0.001-seed07,adafnn,7,16000,0.001,behavior,128,16000,0.1135573526360052,0.0984564728424092,0.0404590297463292,0.166870067227935,0.0020163583144323,0.7983956231969156
adafnn-n16000-lambda0.001-seed07,adafnn,7,16000,0.001,learned,128,16000,0.5874446558798456,0.5809178644109325,0.1112001052954306,0.8850432981543277,0.0075089570712732,1.8880935874542013
adafnn-n16000-lambda0.0001-seed08,adafnn,8,16000,0.0001,behavior,16,16000,0.1765001228828138,0.1505842330712314,0.0631753849914784,0.2583763176625493,0.0025763590038006,1.2626759714670042
adafnn-n16000-lambda0.0001-seed08,adafnn,8,16000,0.0001,learned,16,16000,0.5966320373132056,0.4864990359979551,0.1121339725081828,0.792775729798771,0.00782141861101,2.722373405538882
adafnn-n16000-lambda0.0001-seed08,adafnn,8,16000,0.0001,behavior,32,16000,0.1511010807904808,0.1295995069612238,0.0540076293979637,0.2209782605334501,0.0025763590038006,1.064691981137869
adafnn-n16000-lambda0.0001-seed08,adafnn,8,16000,0.0001,learned,32,16000,0.547559992982283,0.4594178148888741,0.0876218472446186,0.7153878202710893,0.00782141861101,2.589158123972949
adafnn-n16000-lambda0.0001-seed08,adafnn,8,16000,0.0001,behavior,64,16000,0.1310189188602807,0.1133698290525761,0.0467548182939013,0.1926909300932291,0.0025455332019488,1.0048593288393135
adafnn-n16000-lambda0.0001-seed08,adafnn,8,16000,0.0001,learned,64,16000,0.5012981932884867,0.4269408016695253,0.0712734065605039,0.6431377081449863,0.0068783925790351,2.5397616490516133
adafnn-n16000-lambda0.0001-seed08,adafnn,8,16000,0.0001,behavior,128,16000,0.1152492036434221,0.0998192140026618,0.0411180074860298,0.1700648725234634,0.0016141264700463,0.8045056790822923
adafnn-n16000-lambda0.0001-seed08,adafnn,8,16000,0.0001,learned,128,16000,0.4539849287343984,0.4013999676508221,0.0557474104373826,0.5881849001245179,0.0068750065146922,2.272028849737514
adafnn-n16000-lambda0.01-seed09,adafnn,9,16000,0.01,behavior,16,16000,0.1751368493591925,0.1492772835994456,0.0637970320137161,0.2537585223812009,0.0022572178572994,1.1168348916247124
adafnn-n16000-lambda0.01-seed09,adafnn,9,16000,0.01,learned,16,16000,1.168665705844724,1.1194206965309808,0.9339884682845808,1.3766811659057154,0.2866642669000574,2.2190998640728514
adafnn-n16000-lambda0.01-seed09,adafnn,9,16000,0.01,behavior,32,16000,0.1501132785385096,0.1286103296459508,0.054279895229622,0.2187139015388664,0.0022572178572994,0.9749298844505474
adafnn-n16000-lambda0.01-seed09,adafnn,9,16000,0.01,learned,32,16000,1.110679744769388,1.0641074726561897,0.8718977494345228,1.3338447282048298,0.2844481858896928,2.1066059386777334
adafnn-n16000-lambda0.01-seed09,adafnn,9,16000,0.01,behavior,64,16000,0.1299711614997791,0.1119186378477637,0.0471301941060047,0.189620486064676,0.0017026952421667,0.8123650202311001
adafnn-n16000-lambda0.01-seed09,adafnn,9,16000,0.01,learned,64,16000,1.0547564834326555,1.015216683272082,0.8170953660333942,1.2873447569339451,0.2818734914026543,1.973101239374219
adafnn-n16000-lambda0.01-seed09,adafnn,9,16000,0.01,behavior,128,16000,0.1150520712417033,0.0996452145521128,0.0419529171198856,0.168458269641195,0.0017026952421667,0.737938154360103
adafnn-n16000-lambda0.01-seed09,adafnn,9,16000,0.01,learned,128,16000,0.9934641564106697,0.9423830987579924,0.7597097735378878,1.2363883752957878,0.2794729979201616,1.8118675692146136
adafnn-n16000-lambda0.01-seed10,adafnn,10,16000,0.01,behavior,16,16000,0.1708935455557908,0.1418494224723895,0.0585255425020995,0.2497568195558001,0.0027094397240741,1.1050179038092065
adafnn-n16000-lambda0.01-seed10,adafnn,10,16000,0.01,learned,16,16000,0.4790679005842754,0.2745489118832293,0.0700840044077282,0.7024817226807231,0.0062343107360901,2.8041250882190374
adafnn-n16000-lambda0.01-seed10,adafnn,10,16000,0.01,behavior,32,16000,0.1466043642517327,0.1229386692515317,0.0503309526185482,0.2158066341266044,0.0027094397240741,1.0553286549761054
adafnn-n16000-lambda0.01-seed10,adafnn,10,16000,0.01,learned,32,16000,0.4316336847312585,0.2365313445653859,0.0566196264744989,0.6334195549938302,0.0062343107360901,2.594324289846935
adafnn-n16000-lambda0.01-seed10,adafnn,10,16000,0.01,behavior,64,16000,0.1271687669448795,0.1066460762321687,0.0433477248964967,0.1874045207404267,0.0027094397240741,0.877749317694531
adafnn-n16000-lambda0.01-seed10,adafnn,10,16000,0.01,learned,64,16000,0.3871671507780888,0.1968917739138386,0.0461791265356461,0.5797468614768435,0.0062343107360899,2.3023110690495785
adafnn-n16000-lambda0.01-seed10,adafnn,10,16000,0.01,behavior,128,16000,0.1121025996139317,0.0939329538766699,0.038395089480322,0.1662294467396788,0.0023630569760105,0.784210421431005
adafnn-n16000-lambda0.01-seed10,adafnn,10,16000,0.01,learned,128,16000,0.3459720732728041,0.1599054287343724,0.0357012254360476,0.5380103356093665,0.0062343107360845,2.012203898069351
adafnn-n16000-lambda0.01-seed11,adafnn,11,16000,0.01,behavior,16,16000,0.1748058439750167,0.1480877041644011,0.0616270817442729,0.254002449014892,0.0024788546859724,1.1906268007829757
adafnn-n16000-lambda0.01-seed11,adafnn,11,16000,0.01,learned,16,16000,0.7133020439019443,0.5083736191400741,0.0803113979342416,1.1838977449623873,0.0061984173121449,2.754937922155534
adafnn-n16000-lambda0.01-seed11,adafnn,11,16000,0.01,behavior,32,16000,0.149371271924789,0.1278636088534407,0.0529932974336862,0.2194434770644109,0.0020885343679866,1.035439127867936
adafnn-n16000-lambda0.01-seed11,adafnn,11,16000,0.01,learned,32,16000,0.6578739220041118,0.4470896169772015,0.0596497281199048,1.0982145547430522,0.0061984173121449,2.619370860934846
adafnn-n16000-lambda0.01-seed11,adafnn,11,16000,0.01,behavior,64,16000,0.1296356436498402,0.1119120882757346,0.0459672993080683,0.1900871996476105,0.0020885343679866,0.873845846479601
adafnn-n16000-lambda0.01-seed11,adafnn,11,16000,0.01,learned,64,16000,0.6042889845067029,0.3812115106914893,0.0498950776439099,1.0159558442419316,0.0061984173121449,2.4943677215080866
adafnn-n16000-lambda0.01-seed11,adafnn,11,16000,0.01,behavior,128,16000,0.1138967602925232,0.0986958724238732,0.0406340059583805,0.1687713326959968,0.0020885343679866,0.7628258231645078
adafnn-n16000-lambda0.01-seed11,adafnn,11,16000,0.01,learned,128,16000,0.5518268073144355,0.323262173030718,0.0412812123205708,0.9521114948105996,0.0061984173121449,2.319438015776573
adafnn-n16000-lambda0.001-seed12,adafnn,12,16000,0.001,behavior,16,16000,0.1740032013279227,0.1460726463618896,0.0599701497374487,0.2543821487522796,0.0027552648847572,1.1931599447324512
adafnn-n16000-lambda0.001-seed12,adafnn,12,16000,0.001,learned,16,16000,0.934263681931274,0.9265966028855488,0.1250826922755107,1.5356524760601218,0.0076364938020048,2.994645742377213
adafnn-n16000-lambda0.001-seed12,adafnn,12,16000,0.001,behavior,32,16000,0.1491059277215536,0.1251249228799354,0.0517893093562681,0.2180939012272096,0.0023511287460205,1.0376834680482094
adafnn-n16000-lambda0.001-seed12,adafnn,12,16000,0.001,learned,32,16000,0.8802816840434405,0.8886376521297441,0.096857421792149,1.4635187921152693,0.0075544797480173,2.8308302144748194
adafnn-n16000-lambda0.001-seed12,adafnn,12,16000,0.001,behavior,64,16000,0.1288479364048029,0.1085379744211578,0.0451526658157915,0.1884836715009875,0.0023511287460205,0.9261200736200386
adafnn-n16000-lambda0.001-seed12,adafnn,12,16000,0.001,learned,64,16000,0.829611088573542,0.8485943810223406,0.0831038129706235,1.3916057890272369,0.0067631119280715,2.748220401174687
adafnn-n16000-lambda0.001-seed12,adafnn,12,16000,0.001,behavior,128,16000,0.1135611054251326,0.0969401495145797,0.0399910331101305,0.1673909083213369,0.0021359706357955,0.7329869241394444
adafnn-n16000-lambda0.001-seed12,adafnn,12,16000,0.001,learned,128,16000,0.7777485514240059,0.8149864375464615,0.0582667829548754,1.3166485177628648,0.0067616569653664,2.528805458773017
adafnn-n16000-lambda0.01-seed13,adafnn,13,16000,0.01,behavior,16,16000,0.1742418174946254,0.1482993498142584,0.0623007722117392,0.254804349560519,0.0024128775513458,1.066268523654142
adafnn-n16000-lambda0.01-seed13,adafnn,13,16000,0.01,learned,16,16000,2.367900679857329,2.831541259967349,1.051361077418792,3.570626637695206,0.0827839074898246,3.961576491857696
adafnn-n16000-lambda0.01-seed13,adafnn,13,16000,0.01,behavior,32,16000,0.1495074555791815,0.1276750592373931,0.0539981804500559,0.2193951077746447,0.0024128775513458,0.9456535396594288
adafnn-n16000-lambda0.01-seed13,adafnn,13,16000,0.01,learned,32,16000,2.2860604904660047,2.712811618475592,0.9225401326468704,3.5065587585665057,0.0827839074898246,3.9473956718400194
adafnn-n16000-lambda0.01-seed13,adafnn,13,16000,0.01,behavior,64,16000,0.1299278493854803,0.1109525643289442,0.0466261135946879,0.1904876229612367,0.001980906091833,0.7619390721587405
adafnn-n16000-lambda0.01-seed13,adafnn,13,16000,0.01,learned,64,16000,2.1932573167674287,2.519190003820316,0.8167534168144128,3.4492727574597315,0.0827839074898246,3.926492431415241
adafnn-n16000-lambda0.01-seed13,adafnn,13,16000,0.01,behavior,128,16000,0.1138882903033036,0.097414135732791,0.0406358236556767,0.1676443784516182,0.001980906091833,0.728213933780917
adafnn-n16000-lambda0.01-seed13,adafnn,13,16000,0.01,learned,128,16000,2.078069756776592,2.415383743915669,0.6591238154472053,3.350941863701117,0.0827839074898246,3.922129514784116
adafnn-n16000-lambda0.0001-seed14,adafnn,14,16000,0.0001,behavior,16,16000,0.1717121353346639,0.1429414546885183,0.0565787947135586,0.2519107018634657,0.0030214038780722,1.1818557524019762
adafnn-n16000-lambda0.0001-seed14,adafnn,14,16000,0.0001,learned,16,16000,0.6146517642452177,0.5228716986186832,0.0683135135928984,0.8797389011022856,0.008462984584127,2.94726535509037
adafnn-n16000-lambda0.0001-seed14,adafnn,14,16000,0.0001,behavior,32,16000,0.1466356212240331,0.1224558467971791,0.0485914219607843,0.215926645781892,0.002699349677765,1.1818557524019762
adafnn-n16000-lambda0.0001-seed14,adafnn,14,16000,0.0001,learned,32,16000,0.562775118837901,0.4821172591031115,0.0554912840117278,0.8087307054731916,0.0084599965895429,2.7305954645391224
adafnn-n16000-lambda0.0001-seed14,adafnn,14,16000,0.0001,behavior,64,16000,0.1273709409975577,0.1070075696938078,0.0424873815685655,0.1895983845105758,0.0024167717131463,0.9590334106405936
adafnn-n16000-lambda0.0001-seed14,adafnn,14,16000,0.0001,learned,64,16000,0.5150042312813654,0.4368427409079782,0.0465856836615816,0.7460086620125856,0.0084535963529392,2.534074604238545
adafnn-n16000-lambda0.0001-seed14,adafnn,14,16000,0.0001,behavior,128,16000,0.1120825197917229,0.0941803917277171,0.0370581415667255,0.1675344087429043,0.0014440950577181,0.8501223441895843
adafnn-n16000-lambda0.0001-seed14,adafnn,14,16000,0.0001,learned,128,16000,0.4720458572425264,0.4013806209692325,0.0386306715097122,0.697798754590081,0.0083806039613131,2.410599083000297
adafnn-n16000-lambda0.001-seed15,adafnn,15,16000,0.001,behavior,16,16000,0.1754197764603702,0.1468670313459166,0.0608763061473531,0.2564649007264246,0.0026558445573772,1.0496320449917087
adafnn-n16000-lambda0.001-seed15,adafnn,15,16000,0.001,learned,16,16000,1.2284417836589971,1.235324736508408,0.8608612585224831,1.600967585362221,0.2936114200391767,1.955707343106919
adafnn-n16000-lambda0.001-seed15,adafnn,15,16000,0.001,behavior,32,16000,0.1495713144092869,0.1259106906626301,0.0519644085804199,0.219460263923878,0.0023654920938738,0.9262063587352338
adafnn-n16000-lambda0.001-seed15,adafnn,15,16000,0.001,learned,32,16000,1.1581029730963863,1.1461073773385615,0.7712875446275368,1.51998685655501,0.2936114200391767,1.9474056208450388
adafnn-n16000-lambda0.001-seed15,adafnn,15,16000,0.001,behavior,64,16000,0.1297088338213332,0.1101911620601708,0.0454947314931515,0.1913497144310093,0.0023654920938738,0.9262063587352338
adafnn-n16000-lambda0.001-seed15,adafnn,15,16000,0.001,learned,64,16000,1.0866229917726205,1.0476961238369096,0.6880684179353503,1.47993793298718,0.2936114200391767,1.93736470623005
adafnn-n16000-lambda0.001-seed15,adafnn,15,16000,0.001,behavior,128,16000,0.1140221935662076,0.0970238880088745,0.0403111001662248,0.1676081345485052,0.001446394195633,0.9262063587352338
adafnn-n16000-lambda0.001-seed15,adafnn,15,16000,0.001,learned,128,16000,1.0115795803216003,0.9602896015788605,0.6253392158781933,1.4198136888249129,0.2936114200391767,1.9345374637096375
adafnn-n16000-lambda0.01-seed16,adafnn,16,16000,0.01,behavior,16,16000,0.1737545400983823,0.1449860011416782,0.0593888826100727,0.2539167453973881,0.0027379004449141,1.219355240972013
adafnn-n16000-lambda0.01-seed16,adafnn,16,16000,0.01,learned,16,16000,0.60961300998984,0.3160094560483161,0.077181521810229,0.9843640962026744,0.0047118929692865,3.039418464090184
adafnn-n16000-lambda0.01-seed16,adafnn,16,16000,0.01,behavior,32,16000,0.1478403216868023,0.1241802053531913,0.0504067509211711,0.2169071821288865,0.0023020226057438,1.1433341956345433
adafnn-n16000-lambda0.01-seed16,adafnn,16,16000,0.01,learned,32,16000,0.5659790669909909,0.2770400540997858,0.0650469868997632,0.92215668486079,0.0047118917244608,2.869331515013135
adafnn-n16000-lambda0.01-seed16,adafnn,16,16000,0.01,behavior,64,16000,0.1279942113807032,0.1072783070933061,0.0439071523749496,0.1877888135400242,0.0022452912971363,0.8801358385272838
adafnn-n16000-lambda0.01-seed16,adafnn,16,16000,0.01,learned,64,16000,0.5265602047083046,0.2359313091988822,0.0491725901089681,0.8657792133693144,0.0047118870525847,2.613257474334564
adafnn-n16000-lambda0.01-seed16,adafnn,16,16000,0.01,behavior,128,16000,0.1128766740450369,0.0947022801583986,0.0384301251440396,0.1665248451545312,0.0013739489329489,0.8517361858737658
adafnn-n16000-lambda0.01-seed16,adafnn,16,16000,0.01,learned,128,16000,0.4866071978706722,0.1878878976311542,0.0430044538471807,0.8150779384075624,0.0047118671175749,2.552195367619512
adafnn-n16000-lambda0.1-seed17,adafnn,17,16000,0.1,behavior,16,16000,0.1750129314681663,0.1484121845084321,0.0618550902760881,0.2558184063907192,0.0012795568315963,1.5505350718058764
adafnn-n16000-lambda0.1-seed17,adafnn,17,16000,0.1,learned,16,16000,0.6708221058744844,0.3339643372998964,0.0774771749355722,1.2046764671593295,0.0064784452932508,3.102433532151722
adafnn-n16000-lambda0.1-seed17,adafnn,17,16000,0.1,behavior,32,16000,0.150476040981814,0.1282476534551559,0.053018624191855,0.2202912549996837,0.0012795568315963,1.2794058683542853
adafnn-n16000-lambda0.1-seed17,adafnn,17,16000,0.1,learned,32,16000,0.6171054275932822,0.2715202024279105,0.063548831194088,1.1128833125921886,0.0064784452932508,3.016254935228845
adafnn-n16000-lambda0.1-seed17,adafnn,17,16000,0.1,behavior,64,16000,0.1304790338073806,0.1129948278196554,0.0461756255460748,0.1899023115854628,0.0012795568315963,1.2794058683542853
adafnn-n16000-lambda0.1-seed17,adafnn,17,16000,0.1,learned,64,16000,0.5632598040814987,0.2306824367904222,0.0529625426146291,1.0532343968964837,0.0064784452932508,2.802030408035753
adafnn-n16000-lambda0.1-seed17,adafnn,17,16000,0.1,behavior,128,16000,0.1148258033227126,0.0992792332992434,0.0410292988277853,0.168656580888379,0.0012795568315963,1.0547036934323493
adafnn-n16000-lambda0.1-seed17,adafnn,17,16000,0.1,learned,128,16000,0.5117085225674265,0.1832507453591594,0.0419228854572345,0.9906305078911296,0.0064784452932508,2.5270654424756467
adafnn-n16000-lambda0.001-seed18,adafnn,18,16000,0.001,behavior,16,16000,0.1759827301815315,0.1500730854346074,0.0650682484076606,0.2535321690818653,0.0023071681818525,1.290709516741241
adafnn-n16000-lambda0.001-seed18,adafnn,18,16000,0.001,learned,16,16000,1.115230791564393,0.436285782506475,0.0783293488007063,2.327654540025144,0.0067715094980496,3.597176876212381
adafnn-n16000-lambda0.001-seed18,adafnn,18,16000,0.001,behavior,32,16000,0.1508035058962656,0.1299251973312678,0.0556578915954655,0.2185606752198214,0.0023071681818525,1.1598599775314204
adafnn-n16000-lambda0.001-seed18,adafnn,18,16000,0.001,learned,32,16000,1.038234118947513,0.3505458050243387,0.0669211475584579,2.163605662467267,0.0067715094980496,3.4652919782756086
adafnn-n16000-lambda0.001-seed18,adafnn,18,16000,0.001,behavior,64,16000,0.1308845364021422,0.1128076456752849,0.0486470487977184,0.1912918204093807,0.0023071681818525,1.1598599775314204
adafnn-n16000-lambda0.001-seed18,adafnn,18,16000,0.001,learned,64,16000,0.9628320766447572,0.2708453760698977,0.0576543947781826,2.045941582248348,0.0067715094980496,3.37267920907097
adafnn-n16000-lambda0.001-seed18,adafnn,18,16000,0.001,behavior,128,16000,0.1154331530665299,0.0995384045243217,0.0425831929862044,0.1688489555527857,0.00161616573371,0.9873460419104269
adafnn-n16000-lambda0.001-seed18,adafnn,18,16000,0.001,learned,128,16000,0.8839545862962961,0.2131252433461473,0.0466271111529758,1.8785146921140212,0.0067715094980496,3.2203585348610013
adafnn-n16000-lambda0.01-seed19,adafnn,19,16000,0.01,behavior,16,16000,0.1717209724409392,0.142714341508212,0.0592128420779756,0.2516927820471222,0.0027219867468028,1.1648291339792012
adafnn-n16000-lambda0.01-seed19,adafnn,19,16000,0.01,learned,16,16000,0.7513826549106957,0.5734016034904688,0.0857818138047594,1.1638286086062708,0.0059981409825122,3.120698060035719
adafnn-n16000-lambda0.01-seed19,adafnn,19,16000,0.01,behavior,32,16000,0.1469250433447106,0.1228970903801764,0.0509680954667772,0.2150403762815647,0.0027219867468028,1.082990797701276
adafnn-n16000-lambda0.01-seed19,adafnn,19,16000,0.01,learned,32,16000,0.6975184524298385,0.5347870034229054,0.0729084258527369,1.0835504449311424,0.0059981409825122,2.8531977326002336
adafnn-n16000-lambda0.01-seed19,adafnn,19,16000,0.01,behavior,64,16000,0.127304677210129,0.1079946055483252,0.0444352443069374,0.1866024825075647,0.0019240860168518,0.9247890061648372
adafnn-n16000-lambda0.01-seed19,adafnn,19,16000,0.01,learned,64,16000,0.6508999007446267,0.4723712965985894,0.0579935830532081,1.0397857133163817,0.0059981409825122,2.792538396273548
adafnn-n16000-lambda0.01-seed19,adafnn,19,16000,0.01,behavior,128,16000,0.1120882226786771,0.0951734313702216,0.0384666882971588,0.1650146570352498,0.0019240860168518,0.779766330228613
adafnn-n16000-lambda0.01-seed19,adafnn,19,16000,0.01,learned,128,16000,0.6038560233605647,0.4275068796502253,0.0466704495080212,0.9883561519042752,0.0059981409825122,2.494502820277109
adafnn-n32000-lambda0.0001-seed00,adafnn,0,32000,0.0001,behavior,16,32000,0.1755952649349054,0.1477447724743709,0.0628152716365526,0.2550600638872264,0.0018375250495358,1.2950302863475631
adafnn-n32000-lambda0.0001-seed00,adafnn,0,32000,0.0001,learned,16,32000,1.2239466462987056,1.2028548752720565,0.8627556719579592,1.6132887839086292,0.2207764207025811,1.9612352192902467
adafnn-n32000-lambda0.0001-seed00,adafnn,0,32000,0.0001,behavior,32,32000,0.14983833003303,0.1264689068025393,0.0542716856572835,0.2183567854842293,0.0018375250495358,1.0926655749216851
adafnn-n32000-lambda0.0001-seed00,adafnn,0,32000,0.0001,learned,32,32000,1.1563924386423885,1.1101007215909893,0.7726662661728029,1.5570139006452606,0.2207764207025811,1.95465534509198
adafnn-n32000-lambda0.0001-seed00,adafnn,0,32000,0.0001,behavior,64,32000,0.1294821032428897,0.1102848913061778,0.0468699710841138,0.18911369893295,0.0018375250495358,1.022779307474046
adafnn-n32000-lambda0.0001-seed00,adafnn,0,32000,0.0001,learned,64,32000,1.0910157418655595,1.0396288628253614,0.6817663331769177,1.4901010681135138,0.2207764207025811,1.93839752639023
adafnn-n32000-lambda0.0001-seed00,adafnn,0,32000,0.0001,behavior,128,32000,0.1138646155544105,0.0971411994803284,0.0409505843078251,0.1673506385650471,0.0018375250495358,0.7910394217235076
adafnn-n32000-lambda0.0001-seed00,adafnn,0,32000,0.0001,learned,128,32000,1.0238191036880624,0.9441437024883244,0.6086551561501459,1.4336015382634095,0.2207764207025811,1.9024498580645384
adafnn-n32000-lambda0.01-seed01,adafnn,1,32000,0.01,behavior,16,32000,0.1754677792236499,0.1480366281904104,0.0613955572987176,0.2555529654984506,0.0024363821901107,1.2811478276662696
adafnn-n32000-lambda0.01-seed01,adafnn,1,32000,0.01,learned,16,32000,0.9277239775534982,0.3217253136169117,0.091047341420178,1.5539879124481628,0.0054683540442975,3.826614013192351
adafnn-n32000-lambda0.01-seed01,adafnn,1,32000,0.01,behavior,32,32000,0.1500157428975258,0.1273100178727818,0.0521786413019408,0.2186122791071941,0.0024363821901107,1.0252420993127749
adafnn-n32000-lambda0.01-seed01,adafnn,1,32000,0.01,learned,32,32000,0.8676001319740162,0.2640155230081903,0.0792141792866886,1.3818058791794348,0.0054683540442975,3.796212614856056
adafnn-n32000-lambda0.01-seed01,adafnn,1,32000,0.01,behavior,64,32000,0.1299757497704413,0.1106501465987932,0.0450692772106242,0.1903896083830132,0.0023740107252317,0.9123302114377628
adafnn-n32000-lambda0.01-seed01,adafnn,1,32000,0.01,learned,64,32000,0.810202140360922,0.2312647076665946,0.0663217508537205,1.238623638281884,0.0054683540442975,3.725109786723821
adafnn-n32000-lambda0.01-seed01,adafnn,1,32000,0.01,behavior,128,32000,0.1137859072372332,0.0973816746582564,0.0398423969520081,0.1667984324103617,0.0012470275476046,0.9123302114377628
adafnn-n32000-lambda0.01-seed01,adafnn,1,32000,0.01,learned,128,32000,0.749202578392941,0.1984540120652951,0.0553115136912515,1.1306501662996944,0.0054683540442975,3.621502099820573
adafnn-n32000-lambda0.0001-seed02,adafnn,2,32000,0.0001,behavior,16,32000,0.1786032693539241,0.1516605008848175,0.0654774331288351,0.2592960815709407,0.0021783092858593,1.5198673296192655
adafnn-n32000-lambda0.0001-seed02,adafnn,2,32000,0.0001,learned,16,32000,0.877869664697127,0.8068870908572732,0.4624731563422616,1.1447513903010405,0.0188830129791237,2.294679361581248
adafnn-n32000-lambda0.0001-seed02,adafnn,2,32000,0.0001,behavior,32,32000,0.1529315333337547,0.1307857733133585,0.0557140474151571,0.2215073365159156,0.0021783092858593,1.1304735644334798
adafnn-n32000-lambda0.0001-seed02,adafnn,2,32000,0.0001,learned,32,32000,0.8378678529142365,0.7715419250727849,0.4376230904201051,1.0871483795492876,0.0185328538425376,2.281481762054804
adafnn-n32000-lambda0.0001-seed02,adafnn,2,32000,0.0001,behavior,64,32000,0.1327171991515214,0.1142993178447936,0.0485331261813542,0.1934355807600169,0.0018125211838026,0.9477666514698466
adafnn-n32000-lambda0.0001-seed02,adafnn,2,32000,0.0001,learned,64,32000,0.8011166243870307,0.7330118193634823,0.4156987528525573,1.0316436274495095,0.0176707550807496,2.2722280876814094
adafnn-n32000-lambda0.0001-seed02,adafnn,2,32000,0.0001,behavior,128,32000,0.1159821935788851,0.0999968347169764,0.0424111829384901,0.1696310280051512,0.0015887234843817,0.8618808523409718
adafnn-n32000-lambda0.0001-seed02,adafnn,2,32000,0.0001,learned,128,32000,0.7662582652265512,0.6974362854015407,0.3956971753990848,0.9717627918789652,0.0156552849343503,2.2644679032226938
adafnn-n32000-lambda0.0001-seed03,adafnn,3,32000,0.0001,behavior,16,32000,0.1742082233634259,0.1450276659893163,0.0601246253239393,0.2539664142269923,0.0034031042661087,1.148806745424403
adafnn-n32000-lambda0.0001-seed03,adafnn,3,32000,0.0001,learned,16,32000,0.617796281437494,0.5613978215594542,0.0749230933675171,0.914979004251414,0.007203196663789,2.5653239618240797
adafnn-n32000-lambda0.0001-seed03,adafnn,3,32000,0.0001,behavior,32,32000,0.1488610574737577,0.1246833548723182,0.0512660444576529,0.2176301467700339,0.0027728606377257,1.10260342584526
adafnn-n32000-lambda0.0001-seed03,adafnn,3,32000,0.0001,learned,32,32000,0.5726298984666969,0.5202560304539525,0.0620587764438879,0.8596682252804948,0.0072031224426591,2.3458000262493828
adafnn-n32000-lambda0.0001-seed03,adafnn,3,32000,0.0001,behavior,64,32000,0.1288463382207225,0.1085423188341205,0.0442303797292084,0.1894187934579413,0.0017887021172819,1.0445941914406776
adafnn-n32000-lambda0.0001-seed03,adafnn,3,32000,0.0001,learned,64,32000,0.5304285805851882,0.4840330910736782,0.0510911816462467,0.8010147619483239,0.0071019760314412,2.158231058521981
adafnn-n32000-lambda0.0001-seed03,adafnn,3,32000,0.0001,behavior,128,32000,0.1127342996344928,0.0957571554180892,0.0388811198832405,0.1650735640009258,0.0017887021172819,0.833414297407043
adafnn-n32000-lambda0.0001-seed03,adafnn,3,32000,0.0001,learned,128,32000,0.4913404934444551,0.4602611048416632,0.0426937515758428,0.7348853126037566,0.006372128495852,2.033554339002137
adafnn-n32000-lambda0.0001-seed04,adafnn,4,32000,0.0001,behavior,16,32000,0.1758290937570714,0.1490874660596626,0.0630494756851757,0.255849180329515,0.0023644761942866,1.1805052456105385
adafnn-n32000-lambda0.0001-seed04,adafnn,4,32000,0.0001,learned,16,32000,0.570821535189302,0.4620928123305584,0.0870196558267122,0.7858281478436897,0.0062005265163345,2.939459516682991
adafnn-n32000-lambda0.0001-seed04,adafnn,4,32000,0.0001,behavior,32,32000,0.1504855732888057,0.1282002571507273,0.054466113818284,0.2189400721867842,0.0019493459487655,1.1805052456105385
adafnn-n32000-lambda0.0001-seed04,adafnn,4,32000,0.0001,learned,32,32000,0.5298878897084516,0.4404351216970026,0.0702163800049684,0.7316653325009193,0.006069426463942,2.704400655349465
adafnn-n32000-lambda0.0001-seed04,adafnn,4,32000,0.0001,behavior,64,32000,0.129952429816676,0.1118699323152277,0.0468546744106694,0.1898657826245917,0.0017599667762166,1.1805052456105385
adafnn-n32000-lambda0.0001-seed04,adafnn,4,32000,0.0001,learned,64,32000,0.4925034209387713,0.4186563421506704,0.0571351053564302,0.6820325766907767,0.00606296151609,2.6061079273882517
adafnn-n32000-lambda0.0001-seed04,adafnn,4,32000,0.0001,behavior,128,32000,0.1139312246464605,0.0987211077031765,0.0415384456273068,0.1667837911863725,0.0017599667762166,1.0040411600752734
adafnn-n32000-lambda0.0001-seed04,adafnn,4,32000,0.0001,learned,128,32000,0.4564878659130985,0.4005019150009252,0.0468395572409356,0.6311090533946815,0.0056978165473183,2.469734229793061
adafnn-n32000-lambda0.001-seed05,adafnn,5,32000,0.001,behavior,16,32000,0.1725991565662606,0.1431523714334786,0.0598986172226625,0.2536478854377582,0.0023105395801015,1.383749138455634
adafnn-n32000-lambda0.001-seed05,adafnn,5,32000,0.001,learned,16,32000,0.7170519409301097,0.4981707631659742,0.0696148513184177,1.291092209761736,0.0061575835132748,3.020008809485327
adafnn-n32000-lambda0.001-seed05,adafnn,5,32000,0.001,behavior,32,32000,0.147483769428591,0.123097186978302,0.050890024655275,0.2161212633866334,0.0019247211727669,1.2949097349017906
adafnn-n32000-lambda0.001-seed05,adafnn,5,32000,0.001,learned,32,32000,0.6591589795143467,0.4309737359641605,0.059057655920757,1.2028110068416835,0.0061575800120035,2.988223043294347
adafnn-n32000-lambda0.001-seed05,adafnn,5,32000,0.001,behavior,64,32000,0.1274582759176839,0.1075771901662481,0.0440697159477407,0.1872547323725233,0.0019247211727669,1.1444890924958164
adafnn-n32000-lambda0.001-seed05,adafnn,5,32000,0.001,learned,64,32000,0.6061782028097674,0.3858988969168257,0.0518363968596741,1.124927561023234,0.0061575747213411,2.690890994693202
adafnn-n32000-lambda0.001-seed05,adafnn,5,32000,0.001,behavior,128,32000,0.111513674770088,0.0942413207898959,0.038785528394298,0.1645455079779604,0.001638500173172,0.8431438932261878
adafnn-n32000-lambda0.001-seed05,adafnn,5,32000,0.001,learned,128,32000,0.5523307190082992,0.3429685158163115,0.0415261275079294,1.0189272396005398,0.0061575619221856,2.5231735577492422
adafnn-n32000-lambda0.01-seed06,adafnn,6,32000,0.01,behavior,16,32000,0.1733032984217956,0.1443092904941479,0.0594765454995014,0.2547040718332361,0.0017566106104389,1.244478506352814
adafnn-n32000-lambda0.01-seed06,adafnn,6,32000,0.01,learned,16,32000,0.8324706313532524,0.6885883591083859,0.0835699007720455,1.4572048569713,0.0057250367286612,2.8471294092851114
adafnn-n32000-lambda0.01-seed06,adafnn,6,32000,0.01,behavior,32,32000,0.1478224611366349,0.1236659373621169,0.051045784295655,0.2152420029015048,0.0010750822472922,1.0379513816019827
adafnn-n32000-lambda0.01-seed06,adafnn,6,32000,0.01,learned,32,32000,0.7708604107588873,0.6243549843723804,0.0686699235841019,1.3394170672463632,0.0057221893623193,2.7320625755741843
adafnn-n32000-lambda0.01-seed06,adafnn,6,32000,0.01,behavior,64,32000,0.1278522814054049,0.1077578453065693,0.044042783705334,0.1885858896134202,0.0010750822472922,0.879373756466793
adafnn-n32000-lambda0.01-seed06,adafnn,6,32000,0.01,learned,64,32000,0.7141588317660622,0.5534104203574358,0.0574510316060005,1.2499485903568588,0.0057169285171534,2.5664280511471147
adafnn-n32000-lambda0.01-seed06,adafnn,6,32000,0.01,behavior,128,32000,0.1120994335106984,0.0950893058637375,0.0386380361743735,0.1657043411210985,0.0010750822472922,0.8583147046171798
adafnn-n32000-lambda0.01-seed06,adafnn,6,32000,0.01,learned,128,32000,0.6593998309807549,0.4979010180050661,0.0447320930752416,1.1512726072984454,0.005060762064376,2.476694821119365
adafnn-n32000-lambda0.1-seed07,adafnn,7,32000,0.1,behavior,16,32000,0.1752092155159597,0.1487834711759124,0.0627557051569909,0.2528108211414503,0.0028013183403665,1.2037893109752238
adafnn-n32000-lambda0.1-seed07,adafnn,7,32000,0.1,learned,16,32000,0.5477648899091849,0.3242704071213661,0.0838653475904956,0.7774953901817041,0.0059621321144869,2.994356730839071
adafnn-n32000-lambda0.1-seed07,adafnn,7,32000,0.1,behavior,32,32000,0.1496322837975368,0.1284673404426308,0.0537186779795963,0.2161689133855486,0.0020163583144323,1.1420700534531574
adafnn-n32000-lambda0.1-seed07,adafnn,7,32000,0.1,learned,32,32000,0.4999813664887177,0.282860604525817,0.071136792807689,0.7024835128549035,0.0059621321144095,2.8165881137562137
adafnn-n32000-lambda0.1-seed07,adafnn,7,32000,0.1,behavior,64,32000,0.1297134842667319,0.1120257071282471,0.0467205224705202,0.1878887813453882,0.0020163583144323,1.027429192003607
adafnn-n32000-lambda0.1-seed07,adafnn,7,32000,0.1,learned,64,32000,0.4558881207328616,0.2496988825535095,0.0595900854367083,0.6321528410037093,0.0059621321141128,2.6173368467487137
adafnn-n32000-lambda0.1-seed07,adafnn,7,32000,0.1,behavior,128,32000,0.1138169448410927,0.0987670561074494,0.0410046753888668,0.1658461678014907,0.0020163583144323,0.8772514563536884
adafnn-n32000-lambda0.1-seed07,adafnn,7,32000,0.1,learned,128,32000,0.4119771128817648,0.2113182202083349,0.0523181367293865,0.5688176743888451,0.0059621321132447,2.4004622969655327
adafnn-n32000-lambda0.01-seed08,adafnn,8,32000,0.01,behavior,16,32000,0.1767618271970486,0.149714992952412,0.0626966389753682,0.257419811434171,0.0025763590038006,1.2626759714670042
adafnn-n32000-lambda0.01-seed08,adafnn,8,32000,0.01,learned,16,32000,1.9364268071849648,2.009826969144425,0.3549446448669096,3.439831012884161,0.0065374213260121,3.929747892277755
adafnn-n32000-lambda0.01-seed08,adafnn,8,32000,0.01,behavior,32,32000,0.150877109743189,0.1286337722843715,0.0533411024206202,0.2209442835305525,0.0025763590038006,1.2626759714670042
adafnn-n32000-lambda0.01-seed08,adafnn,8,32000,0.01,learned,32,32000,1.8605850058260287,1.8768379830585935,0.3015283557155483,3.3681418279417783,0.0065374213260121,3.9177888217595194
adafnn-n32000-lambda0.01-seed08,adafnn,8,32000,0.01,behavior,64,32000,0.1308395672798973,0.1126382624859993,0.0466624622886089,0.1916519712315334,0.0024809859204918,1.0002599989830965
adafnn-n32000-lambda0.01-seed08,adafnn,8,32000,0.01,learned,64,32000,1.7827457158035147,1.6887049074785672,0.2586910075529945,3.2730175695023043,0.0065374213260121,3.887342867414087
adafnn-n32000-lambda0.01-seed08,adafnn,8,32000,0.01,behavior,128,32000,0.1145607747495152,0.0988905474322353,0.0409190052855858,0.1688323683364395,0.0019444675824848,0.8326718048562985
adafnn-n32000-lambda0.01-seed08,adafnn,8,32000,0.01,learned,128,32000,1.6991343058840152,1.5378089729969608,0.2162223913879677,3.1883991369025813,0.0065374213260121,3.874626049320311
adafnn-n32000-lambda0.0001-seed09,adafnn,9,32000,0.0001,behavior,16,32000,0.174824314630196,0.1473689104021154,0.0625567068171695,0.2537659440837186,0.0021485932312625,1.2131393063609772
adafnn-n32000-lambda0.0001-seed09,adafnn,9,32000,0.0001,learned,16,32000,0.6514731018436687,0.4708429143601734,0.09581900808588,1.0597174842801294,0.0059707056542536,2.9264000448253165
adafnn-n32000-lambda0.0001-seed09,adafnn,9,32000,0.0001,behavior,32,32000,0.1491378880707816,0.1266991356832684,0.0534730334107218,0.216709825523164,0.0015774100583268,1.0537910198716998
adafnn-n32000-lambda0.0001-seed09,adafnn,9,32000,0.0001,learned,32,32000,0.6088379668708815,0.4272994595697404,0.0773097048585771,1.0081044330964868,0.0059706650527806,2.7131749283628808
adafnn-n32000-lambda0.0001-seed09,adafnn,9,32000,0.0001,behavior,64,32000,0.1290114006631894,0.1099837856979423,0.046296494478184,0.1881968818579671,0.0015774100583268,0.87800731556958
adafnn-n32000-lambda0.0001-seed09,adafnn,9,32000,0.0001,learned,64,32000,0.5686307394834301,0.3994835277425059,0.0628572525210826,0.9610949880856904,0.0059704979165614,2.576743483941623
adafnn-n32000-lambda0.0001-seed09,adafnn,9,32000,0.0001,behavior,128,32000,0.1131572032643122,0.0972852104529799,0.040771002191671,0.1656440608020052,0.0014620124538324,0.8123650202311001
adafnn-n32000-lambda0.0001-seed09,adafnn,9,32000,0.0001,learned,128,32000,0.5308779009010359,0.3593081535188401,0.0476049509687013,0.8975643269290661,0.0059685739211687,2.446417144039492
adafnn-n32000-lambda0.001-seed10,adafnn,10,32000,0.001,behavior,16,32000,0.1727393022143414,0.1456779024444185,0.0591702806434939,0.2521778899509416,0.0022839178374249,1.1422138069315322
adafnn-n32000-lambda0.001-seed10,adafnn,10,32000,0.001,learned,16,32000,0.9001812351369449,0.7501961939000487,0.4542320154869997,1.388722887303334,0.0314174426968297,2.526990626261856
adafnn-n32000-lambda0.001-seed10,adafnn,10,32000,0.001,behavior,32,32000,0.1474535566551348,0.1251438882340185,0.051280434757843,0.2157365296980303,0.0022839178374249,1.0553286549761054
adafnn-n32000-lambda0.001-seed10,adafnn,10,32000,0.001,learned,32,32000,0.8564626046131295,0.7041909879140057,0.4233657749521102,1.3205627260428376,0.0310884383276519,2.484637584175027
adafnn-n32000-lambda0.001-seed10,adafnn,10,32000,0.001,behavior,64,32000,0.1275964578755104,0.1086114808096199,0.0444186237081314,0.1866990836817277,0.0022839178374249,0.9246840306961368
adafnn-n32000-lambda0.001-seed10,adafnn,10,32000,0.001,learned,64,32000,0.8162112595982917,0.6658960165180778,0.3980085324828201,1.2621651504967972,0.0274690693307142,2.4807359779632585
adafnn-n32000-lambda0.001-seed10,adafnn,10,32000,0.001,behavior,128,32000,0.1120724718335156,0.0958095022230339,0.0388772845876824,0.1649730464444374,0.0017223025057028,0.909596656612076
adafnn-n32000-lambda0.001-seed10,adafnn,10,32000,0.001,learned,128,32000,0.7764915645940937,0.6313588606692958,0.3761115016747661,1.1953417041976455,0.0225716992720469,2.4631725176616808
adafnn-n32000-lambda0.001-seed11,adafnn,11,32000,0.001,behavior,16,32000,0.1756598729282432,0.1481756030745351,0.0619211721140762,0.256128265585765,0.0015494791007013,1.2280673525999874
adafnn-n32000-lambda0.001-seed11,adafnn,11,32000,0.001,learned,16,32000,0.7789355618203547,0.7047256797639894,0.4068640446507528,1.1307957369150707,0.0076968239901596,2.574175239167599
adafnn-n32000-lambda0.001-seed11,adafnn,11,32000,0.001,behavior,32,32000,0.1494636401463837,0.1267979702540737,0.0523664259464128,0.2179575343394343,0.0015494791007013,1.0806541097233744
adafnn-n32000-lambda0.001-seed11,adafnn,11,32000,0.001,learned,32,32000,0.7256211714965638,0.6478455483916945,0.3769842667732778,1.0473035740125785,0.0076968239901596,2.488739024257511
adafnn-n32000-lambda0.001-seed11,adafnn,11,32000,0.001,behavior,64,32000,0.129430471623277,0.1103874808513748,0.0456053060990082,0.1900215624101573,0.0015494791007013,1.0511677809911537
adafnn-n32000-lambda0.001-seed11,adafnn,11,32000,0.001,learned,64,32000,0.6764229727171955,0.5936287163902657,0.3506220403797069,0.979436700910536,0.0076968239901596,2.391455857516536
adafnn-n32000-lambda0.001-seed11,adafnn,11,32000,0.001,behavior,128,32000,0.113533353972319,0.0971461546379112,0.0402574444454766,0.167207971507747,0.0015494791007013,0.8643561379659453
adafnn-n32000-lambda0.001-seed11,adafnn,11,32000,0.001,learned,128,32000,0.6288912566217505,0.5499567173005548,0.3319210391954817,0.9220974101098918,0.0076968239901596,2.2503491656733106
adafnn-n32000-lambda0.0001-seed12,adafnn,12,32000,0.0001,behavior,16,32000,0.1747897526682841,0.1472179683552025,0.0621813213482292,0.2544250056623203,0.0025817175368799,1.142741453341512
adafnn-n32000-lambda0.0001-seed12,adafnn,12,32000,0.0001,learned,16,32000,0.6095505022218204,0.6362946794147013,0.299811678513551,0.8618877231140223,0.0124447954769041,2.042025099335169
adafnn-n32000-lambda0.0001-seed12,adafnn,12,32000,0.0001,behavior,32,32000,0.1494424116325198,0.1265173857580043,0.0530313438866866,0.2181569830404664,0.0024465912431004,1.1037613025268738
adafnn-n32000-lambda0.0001-seed12,adafnn,12,32000,0.0001,learned,32,32000,0.5725999815842958,0.595438704465391,0.2668423000368876,0.8050676921466926,0.0124345883841792,1.980464926212308
adafnn-n32000-lambda0.0001-seed12,adafnn,12,32000,0.0001,behavior,64,32000,0.1295615497683231,0.1098878444973803,0.0463601046753314,0.1897492697978884,0.0023511287460205,0.962687769464807
adafnn-n32000-lambda0.0001-seed12,adafnn,12,32000,0.0001,learned,64,32000,0.5402401644783364,0.5597847154672589,0.243270736199069,0.7566573867306705,0.0123534297204476,1.8878546208316025
adafnn-n32000-lambda0.0001-seed12,adafnn,12,32000,0.0001,behavior,128,32000,0.1135173411224225,0.0969096064478905,0.0405680743116961,0.1667060942278801,0.0017268570139853,0.781215403690873
adafnn-n32000-lambda0.0001-seed12,adafnn,12,32000,0.0001,learned,128,32000,0.5105715437525165,0.5276916928910129,0.2282853482394005,0.7178399588802279,0.0123010183705699,1.8104748300626077
adafnn-n32000-lambda0.0001-seed13,adafnn,13,32000,0.0001,behavior,16,32000,0.1746332288401636,0.1465763312935684,0.0616893642503854,0.2548571772649972,0.0024128775513458,1.4498473637791405
adafnn-n32000-lambda0.0001-seed13,adafnn,13,32000,0.0001,learned,16,32000,0.5122916224717327,0.3978717112619397,0.0871698846623704,0.8396832501022281,0.0040633534394715,2.256053825039803
adafnn-n32000-lambda0.0001-seed13,adafnn,13,32000,0.0001,behavior,32,32000,0.1490968021088188,0.1261182413696495,0.05282182687169,0.2180516569011125,0.0024128775513458,1.1974628508327794
adafnn-n32000-lambda0.0001-seed13,adafnn,13,32000,0.0001,learned,32,32000,0.4766632568801938,0.3626174490696868,0.073878997709757,0.7962107518115445,0.0040546216530926,2.1821579346553293
adafnn-n32000-lambda0.0001-seed13,adafnn,13,32000,0.0001,behavior,64,32000,0.1293258264659561,0.1100995254946327,0.0458575083804723,0.1885536019533246,0.0022630232578445,1.0295923882983553
adafnn-n32000-lambda0.0001-seed13,adafnn,13,32000,0.0001,learned,64,32000,0.4444992210677561,0.3324292019211375,0.0589256316839098,0.7604981661947104,0.0040135051075047,1.9800000458119529
adafnn-n32000-lambda0.0001-seed13,adafnn,13,32000,0.0001,behavior,128,32000,0.1135957321140657,0.0971795431746567,0.0401708784364326,0.1666137733600744,0.0018876863399839,0.9153883355561412
adafnn-n32000-lambda0.0001-seed13,adafnn,13,32000,0.0001,learned,128,32000,0.4143608850440486,0.3103017411969587,0.0492870728056845,0.7292244074077443,0.0038601091625319,1.8580360304655168
adafnn-n32000-lambda0.01-seed14,adafnn,14,32000,0.01,behavior,16,32000,0.1759657309193479,0.1484847069309913,0.0608419886445942,0.2562158940555905,0.0022643197047321,1.3839871859285304
adafnn-n32000-lambda0.01-seed14,adafnn,14,32000,0.01,learned,16,32000,0.7787504526623916,0.7053414783244498,0.0788822077618706,1.185962898059825,0.0068741603247532,3.120535436099017
adafnn-n32000-lambda0.01-seed14,adafnn,14,32000,0.01,behavior,32,32000,0.1501565849143921,0.1280404379155481,0.0524581370484459,0.2195829940402631,0.0020825922161077,1.2490973589430951
adafnn-n32000-lambda0.01-seed14,adafnn,14,32000,0.01,learned,32,32000,0.7251628038857237,0.6415197497702669,0.0654362166851629,1.121180986840005,0.0068741603247532,2.896097271112496
adafnn-n32000-lambda0.01-seed14,adafnn,14,32000,0.01,behavior,64,32000,0.1301304016230147,0.1109080154300614,0.0456121111948698,0.1905376156293384,0.0020825922161077,1.20734468435148
adafnn-n32000-lambda0.01-seed14,adafnn,14,32000,0.01,learned,64,32000,0.673690416569454,0.5868671138660176,0.053056220213979,1.053467107772489,0.0068741603247532,2.728575808823973
adafnn-n32000-lambda0.01-seed14,adafnn,14,32000,0.01,behavior,128,32000,0.1142749834621224,0.0980628426024373,0.0402743237363228,0.1689759998131067,0.0020003257677803,0.8501223441895843
adafnn-n32000-lambda0.01-seed14,adafnn,14,32000,0.01,learned,128,32000,0.6259000943625619,0.5320270866208836,0.0412361465106042,0.9983829452535964,0.0068741603247531,2.493117440254246
adafnn-n32000-lambda0.0001-seed15,adafnn,15,32000,0.0001,behavior,16,32000,0.17386837186409,0.1447392759127601,0.0597766553366262,0.25304527185248,0.002348905243341,1.4308963337961396
adafnn-n32000-lambda0.0001-seed15,adafnn,15,32000,0.0001,learned,16,32000,0.6425614142413556,0.5517688098751898,0.2757626279861081,0.8372957694605593,0.0094657223208771,2.79418738987225
adafnn-n32000-lambda0.0001-seed15,adafnn,15,32000,0.0001,behavior,32,32000,0.1483350689181876,0.124537294564215,0.0508525901787294,0.2172164415711282,0.0023452166155366,1.2384773018121835
adafnn-n32000-lambda0.0001-seed15,adafnn,15,32000,0.0001,learned,32,32000,0.5990090106992703,0.5127370671845506,0.2558224908774123,0.7867224031805695,0.0092094259303297,2.6453270086163267
adafnn-n32000-lambda0.0001-seed15,adafnn,15,32000,0.0001,behavior,64,32000,0.1283838856565497,0.1080539562734241,0.0440203458829482,0.1895824918547089,0.001413423266154,1.047761682644458
adafnn-n32000-lambda0.0001-seed15,adafnn,15,32000,0.0001,learned,64,32000,0.5599380346295609,0.4734833764955194,0.2386445356191573,0.7450772893286622,0.0088081147252092,2.5926135769907237
adafnn-n32000-lambda0.0001-seed15,adafnn,15,32000,0.0001,behavior,128,32000,0.1123459159120119,0.0955737143293018,0.0387554856514704,0.1657993346042503,0.001413423266154,0.9762972493851818
adafnn-n32000-lambda0.0001-seed15,adafnn,15,32000,0.0001,learned,128,32000,0.5241123832550202,0.4439080468573035,0.2226658484736283,0.7003831495556676,0.0084332740008185,2.3752785778015184
adafnn-n32000-lambda0.01-seed16,adafnn,16,32000,0.01,behavior,16,32000,0.1738767302035405,0.1452496975928768,0.0604350139156278,0.2524745949139743,0.002327237031069,1.1852727643967398
adafnn-n32000-lambda0.01-seed16,adafnn,16,32000,0.01,learned,16,32000,0.6002146690575525,0.4364418823384701,0.0799919160173978,0.8468952318025063,0.0047082786768251,2.996757806609242
adafnn-n32000-lambda0.01-seed16,adafnn,16,32000,0.01,behavior,32,32000,0.1485529438568997,0.1252320781619146,0.0516096199288898,0.2168287027298263,0.0021362031210235,1.1433341956345433
adafnn-n32000-lambda0.01-seed16,adafnn,16,32000,0.01,learned,32,32000,0.5497703830702281,0.4000951221242174,0.06758165520425,0.7774029338632467,0.0047078282450639,2.7480124297297333
adafnn-n32000-lambda0.01-seed16,adafnn,16,32000,0.01,behavior,64,32000,0.1285861794137619,0.1094284262284709,0.0449246080618432,0.1881919787562919,0.0021270733942577,0.947400169226832
adafnn-n32000-lambda0.01-seed16,adafnn,16,32000,0.01,learned,64,32000,0.504207819505168,0.358848775887616,0.0555563313810107,0.7159706507604591,0.0047058290590296,2.6743617738138843
adafnn-n32000-lambda0.01-seed16,adafnn,16,32000,0.01,behavior,128,32000,0.1125420673591467,0.0950741589638467,0.0393156443348549,0.1653185960070866,0.0021074208601974,0.8449089677011856
adafnn-n32000-lambda0.01-seed16,adafnn,16,32000,0.01,learned,128,32000,0.4605471850457396,0.3200793002567572,0.044643502188241,0.6491342987421337,0.0046976105541345,2.5234590607989458
adafnn-n32000-lambda1-seed17,adafnn,17,32000,1.0,behavior,16,32000,0.1759946998244178,0.1475053251973493,0.0620357692986093,0.2553860994823263,0.0020927874521284,1.41310914510951
adafnn-n32000-lambda1-seed17,adafnn,17,32000,1.0,learned,16,32000,1.4169350299427286,0.9214829925864104,0.1141165360327117,2.759026127889708,0.0056903512535927,3.959827572903694
adafnn-n32000-lambda1-seed17,adafnn,17,32000,1.0,behavior,32,32000,0.1502374118560087,0.1266494945028253,0.0533898679570255,0.2186868247631627,0.0012795568315963,1.323815308481585
adafnn-n32000-lambda1-seed17,adafnn,17,32000,1.0,learned,32,32000,1.3459127434174052,0.7600940984777277,0.0987062593839529,2.6466409754494014,0.0056903512535927,3.952036061852673
adafnn-n32000-lambda1-seed17,adafnn,17,32000,1.0,behavior,64,32000,0.1302234902944381,0.1106932724438623,0.0462948596173769,0.1902109233306628,0.0010957043912723,1.323815308481585
adafnn-n32000-lambda1-seed17,adafnn,17,32000,1.0,learned,64,32000,1.277159704246148,0.6500020750428459,0.0781762804088645,2.519666552449154,0.0042227315535302,3.933365967029876
adafnn-n32000-lambda1-seed17,adafnn,17,32000,1.0,behavior,128,32000,0.1140460286267086,0.0979576766867328,0.0406167905287361,0.1670560903177483,0.0010957043912723,0.9536673350472454
adafnn-n32000-lambda1-seed17,adafnn,17,32000,1.0,learned,128,32000,1.2036624968055056,0.5618790952598429,0.0718001237957345,2.3922709479782918,0.0034081482201929,3.904219872938876
adafnn-n32000-lambda0.0001-seed18,adafnn,18,32000,0.0001,behavior,16,32000,0.1738398387668506,0.1454165505932917,0.0611072168651555,0.2531334409568718,0.0021901739531479,1.290709516741241
adafnn-n32000-lambda0.0001-seed18,adafnn,18,32000,0.0001,learned,16,32000,0.5749404700085166,0.4930172544722535,0.1559981143102003,0.7981529948060903,0.0065275646246268,2.4292398261253765
adafnn-n32000-lambda0.0001-seed18,adafnn,18,32000,0.0001,behavior,32,32000,0.1484969004550792,0.1253913333810266,0.0520834242937665,0.2159794205405085,0.0020135497626633,1.184070094806802
adafnn-n32000-lambda0.0001-seed18,adafnn,18,32000,0.0001,learned,32,32000,0.5365787613427387,0.4685730830694621,0.1399037632407066,0.7403846764790469,0.0065215909938212,2.339008674990941
adafnn-n32000-lambda0.0001-seed18,adafnn,18,32000,0.0001,behavior,64,32000,0.1289216799358052,0.1094898755160412,0.0453782585433239,0.1889166483244961,0.0017974244576084,1.0759756608943905
adafnn-n32000-lambda0.0001-seed18,adafnn,18,32000,0.0001,learned,64,32000,0.5016133845224306,0.4448934839383652,0.1221551531838617,0.6891308902356822,0.0064859204739303,2.0942900890292213
adafnn-n32000-lambda0.0001-seed18,adafnn,18,32000,0.0001,behavior,128,32000,0.1130431036715538,0.0961798744347412,0.0398124684858689,0.1660922392758964,0.0017974244576084,1.0759756608943905
adafnn-n32000-lambda0.0001-seed18,adafnn,18,32000,0.0001,learned,128,32000,0.4688265991671709,0.4266834370718789,0.1079280897240321,0.6381180558832971,0.0064113865622072,1.9208090137270928
adafnn-n32000-lambda0.01-seed19,adafnn,19,32000,0.01,behavior,16,32000,0.1736768600122024,0.1455649281090522,0.0599783284016364,0.2522107527636695,0.0026045110482353,1.2298191598519648
adafnn-n32000-lambda0.01-seed19,adafnn,19,32000,0.01,learned,16,32000,0.56737934739618,0.3484316226489681,0.0787178239726438,0.9069505085779602,0.0047370643545526,2.9870526607153374
adafnn-n32000-lambda0.01-seed19,adafnn,19,32000,0.01,behavior,32,32000,0.1479308316415126,0.1253633754656488,0.051426555131898,0.2158069871665156,0.0026045110482353,1.1705958265549423
adafnn-n32000-lambda0.01-seed19,adafnn,19,32000,0.01,learned,32,32000,0.5268122648056437,0.3083847387109959,0.0668303306596152,0.8477630035306845,0.0046544047159302,2.859460599647033
adafnn-n32000-lambda0.01-seed19,adafnn,19,32000,0.01,behavior,64,32000,0.1283086349638833,0.1094954423221709,0.0450482768927883,0.1881623998039452,0.0023459722021558,1.082990797701276
adafnn-n32000-lambda0.01-seed19,adafnn,19,32000,0.01,learned,64,32000,0.4897452324987547,0.2753551085070238,0.0553586957557278,0.8032771742435184,0.0042649178270617,2.585343035465552
adafnn-n32000-lambda0.01-seed19,adafnn,19,32000,0.01,behavior,128,32000,0.1125383659157503,0.0965430043192492,0.0395289734809353,0.1656319622443515,0.0019240860168518,0.8648947062157528
adafnn-n32000-lambda0.01-seed19,adafnn,19,32000,0.01,learned,128,32000,0.454226552284264,0.2370812859732291,0.0481839520771531,0.765371697280995,0.0039837699578299,2.3865693562252512
