selection_id,approximator,master_seed,n_subjects,t_per_subject,n_transitions,fit_id,lambda_dimensionless,tuning_J_normalized_mean,tuning_J_normalized_se,selected
adafnn-n2000-seed00,adafnn,0,100,20,2000,adafnn-n2000-lambda0.0001-seed00,0.0001,0.5053449478405431,0.0004732749764576,False
adafnn-n2000-seed00,adafnn,0,100,20,2000,adafnn-n2000-lambda0.001-seed00,0.001,0.5064983036951416,0.0005010071993467,True
adafnn-n2000-seed00,adafnn,0,100,20,2000,adafnn-n2000-lambda0.01-seed00,0.01,0.5047183146507905,0.0004690681118862,False
adafnn-n2000-seed00,adafnn,0,100,20,2000,adafnn-n2000-lambda0.1-seed00,0.1,0.5056734713448918,0.0005025553628224,False
adafnn-n2000-seed00,adafnn,0,100,20,2000,adafnn-n2000-lambda1-seed00,1.0,0.5056734713448918,0.0005025553628224,False
adafnn-n2000-seed01,adafnn,1,100,20,2000,adafnn-n2000-lambda0.0001-seed01,0.0001,0.5051982417992419,0.00044319658195,False
adafnn-n2000-seed01,adafnn,1,100,20,2000,adafnn-n2000-lambda0.001-seed01,0.001,0.5204640546887694,0.0004426553717222,True
adafnn-n2000-seed01,adafnn,1,100,20,2000,adafnn-n2000-lambda0.01-seed01,0.01,0.4937529432157905,0.0002420202001195,False
adafnn-n2000-seed01,adafnn,1,100,20,2000,adafnn-n2000-lambda0.1-seed01,0.1,0.4988543266365241,0.0005310995068528,False
adafnn-n2000-seed01,adafnn,1,100,20,2000,adafnn-n2000-lambda1-seed01,1.0,0.4979364755456571,0.0004562650609463,False
adafnn-n2000-seed02,adafnn,2,100,20,2000,adafnn-n2000-lambda0.0001-seed02,0.0001,0.5043641869121847,0.0005972841633905,False
adafnn-n2000-seed02,adafnn,2,100,20,2000,adafnn-n2000-lambda0.001-seed02,0.001,0.6101565474503873,0.0014125832561711,False
adafnn-n2000-seed02,adafnn,2,100,20,2000,adafnn-n2000-lambda0.01-seed02,0.01,0.6302589337489639,0.0018743728587703,True
adafnn-n2000-seed02,adafnn,2,100,20,2000,adafnn-n2000-lambda0.1-seed02,0.1,0.4995361362082884,0.000382077467317,False
adafnn-n2000-seed02,adafnn,2,100,20,2000,adafnn-n2000-lambda1-seed02,1.0,0.4982976089716157,0.0003118841465306,False
adafnn-n2000-seed03,adafnn,3,100,20,2000,adafnn-n2000-lambda0.0001-seed03,0.0001,0.5080290045277456,0.0008015007670997,False
adafnn-n2000-seed03,adafnn,3,100,20,2000,adafnn-n2000-lambda0.001-seed03,0.001,0.5065865234581273,0.0007690595900069,False
adafnn-n2000-seed03,adafnn,3,100,20,2000,adafnn-n2000-lambda0.01-seed03,0.01,0.6347846431060561,0.000751264036051,True
adafnn-n2000-seed03,adafnn,3,100,20,2000,adafnn-n2000-lambda0.1-seed03,0.1,0.5081242498752364,0.0007895476070923,False
adafnn-n2000-seed03,adafnn,3,100,20,2000,adafnn-n2000-lambda1-seed03,1.0,0.5084389179369431,0.0008164181365446,False
adafnn-n2000-seed04,adafnn,4,100,20,2000,adafnn-n2000-lambda0.0001-seed04,0.0001,0.5757307908662538,0.0005035835530237,False
adafnn-n2000-seed04,adafnn,4,100,20,2000,adafnn-n2000-lambda0.001-seed04,0.001,0.6335302687548247,0.0009579746913557,True
adafnn-n2000-seed04,adafnn,4,100,20,2000,adafnn-n2000-lambda0.01-seed04,0.01,0.5212069318217204,0.0011744756427367,False
adafnn-n2000-seed04,adafnn,4,100,20,2000,adafnn-n2000-lambda0.1-seed04,0.1,0.5222705374693791,0.0009056577956873,False
adafnn-n2000-seed04,adafnn,4,100,20,2000,adafnn-n2000-lambda1-seed04,1.0,0.5515074057873067,0.0012521300458057,False
adafnn-n2000-seed05,adafnn,5,100,20,2000,adafnn-n2000-lambda0.0001-seed05,0.0001,0.4955229706464829,0.0003545487559164,False
adafnn-n2000-seed05,adafnn,5,100,20,2000,adafnn-n2000-lambda0.001-seed05,0.001,0.5488957097411958,0.0010009514861102,False
adafnn-n2000-seed05,adafnn,5,100,20,2000,adafnn-n2000-lambda0.01-seed05,0.01,0.5897910229685392,0.0017439105084999,False
adafnn-n2000-seed05,adafnn,5,100,20,2000,adafnn-n2000-lambda0.1-seed05,0.1,0.6111485364730722,0.0007859676854561,True
adafnn-n2000-seed05,adafnn,5,100,20,2000,adafnn-n2000-lambda1-seed05,1.0,0.6111485364730722,0.0007859676854561,False
adafnn-n2000-seed06,adafnn,6,100,20,2000,adafnn-n2000-lambda0.0001-seed06,0.0001,0.5248458072292057,0.000845933187116,True
adafnn-n2000-seed06,adafnn,6,100,20,2000,adafnn-n2000-lambda0.001-seed06,0.001,0.4970365962008235,0.0003070783495805,False
adafnn-n2000-seed06,adafnn,6,100,20,2000,adafnn-n2000-lambda0.01-seed06,0.01,0.4997281254108355,0.0004060140196944,False
adafnn-n2000-seed06,adafnn,6,100,20,2000,adafnn-n2000-lambda0.1-seed06,0.1,0.4984948652649949,0.0004101500361987,False
adafnn-n2000-seed06,adafnn,6,100,20,2000,adafnn-n2000-lambda1-seed06,1.0,0.4984948652649949,0.0004101500361987,False
adafnn-n2000-seed07,adafnn,7,100,20,2000,adafnn-n2000-lambda0.0001-seed07,0.0001,0.5404665914604265,0.0011171028018964,False
adafnn-n2000-seed07,adafnn,7,100,20,2000,adafnn-n2000-lambda0.001-seed07,0.001,0.4982044954096697,0.0003934025750605,False
adafnn-n2000-seed07,adafnn,7,100,20,2000,adafnn-n2000-lambda0.01-seed07,0.01,0.7198201611390365,0.0038725284487048,True
adafnn-n2000-seed07,adafnn,7,100,20,2000,adafnn-n2000-lambda0.1-seed07,0.1,0.6665699046416923,0.0029292254061671,False
adafnn-n2000-seed07,adafnn,7,100,20,2000,adafnn-n2000-lambda1-seed07,1.0,0.6576116370213452,0.0026301332930941,False
adafnn-n2000-seed08,adafnn,8,100,20,2000,adafnn-n2000-lambda0.0001-seed08,0.0001,0.5287039797820184,0.0015774711304341,True
adafnn-n2000-seed08,adafnn,8,100,20,2000,adafnn-n2000-lambda0.001-seed08,0.001,0.5287039797820184,0.0015774711304341,False
adafnn-n2000-seed08,adafnn,8,100,20,2000,adafnn-n2000-lambda0.01-seed08,0.01,0.5287039797820184,0.0015774711304341,False
adafnn-n2000-seed08,adafnn,8,100,20,2000,adafnn-n2000-lambda0.1-seed08,0.1,0.5287039797820184,0.0015774711304341,False
adafnn-n2000-seed08,adafnn,8,100,20,2000,adafnn-n2000-lambda1-seed08,1.0,0.5287039797820184,0.0015774711304341,False
adafnn-n2000-seed09,adafnn,9,100,20,2000,adafnn-n2000-lambda0.0001-seed09,0.0001,0.4989835559973411,0.0003725635276465,False
adafnn-n2000-seed09,adafnn,9,100,20,2000,adafnn-n2000-lambda0.001-seed09,0.001,0.575782828033668,0.0004911180003851,True
adafnn-n2000-seed09,adafnn,9,100,20,2000,adafnn-n2000-lambda0.01-seed09,0.01,0.553269924073901,0.0018597111867419,False
adafnn-n2000-seed09,adafnn,9,100,20,2000,adafnn-n2000-lambda0.1-seed09,0.1,0.5527905389883345,0.0008732459272864,False
adafnn-n2000-seed09,adafnn,9,100,20,2000,adafnn-n2000-lambda1-seed09,1.0,0.5004343218302213,0.0004672397666498,False
adafnn-n2000-seed10,adafnn,10,100,20,2000,adafnn-n2000-lambda0.0001-seed10,0.0001,0.5047703083741335,0.0005810567391314,False
adafnn-n2000-seed10,adafnn,10,100,20,2000,adafnn-n2000-lambda0.001-seed10,0.001,0.5384889316696222,0.0015152664102753,True
adafnn-n2000-seed10,adafnn,10,100,20,2000,adafnn-n2000-lambda0.01-seed10,0.01,0.5079979283830486,0.0006509003872153,False
adafnn-n2000-seed10,adafnn,10,100,20,2000,adafnn-n2000-lambda0.1-seed10,0.1,0.5002525458805576,0.000421610905953,False
adafnn-n2000-seed10,adafnn,10,100,20,2000,adafnn-n2000-lambda1-seed10,1.0,0.507228546572634,0.000607017145874,False
adafnn-n2000-seed11,adafnn,11,100,20,2000,adafnn-n2000-lambda0.0001-seed11,0.0001,0.6197363495013356,0.0009436744029086,True
adafnn-n2000-seed11,adafnn,11,100,20,2000,adafnn-n2000-lambda0.001-seed11,0.001,0.6059203301409067,0.0011363371546258,False
adafnn-n2000-seed11,adafnn,11,100,20,2000,adafnn-n2000-lambda0.01-seed11,0.01,0.5251248704574186,0.0009126734504958,False
adafnn-n2000-seed11,adafnn,11,100,20,2000,adafnn-n2000-lambda0.1-seed11,0.1,0.5128764559014337,0.0008583284053769,False
adafnn-n2000-seed11,adafnn,11,100,20,2000,adafnn-n2000-lambda1-seed11,1.0,0.5633067663421227,0.0005101543397345,False
adafnn-n2000-seed12,adafnn,12,100,20,2000,adafnn-n2000-lambda0.0001-seed12,0.0001,0.5558692076614725,0.0012439272675637,True
adafnn-n2000-seed12,adafnn,12,100,20,2000,adafnn-n2000-lambda0.001-seed12,0.001,0.5498633131972701,0.0011763048140032,False
adafnn-n2000-seed12,adafnn,12,100,20,2000,adafnn-n2000-lambda0.01-seed12,0.01,0.5518580642752393,0.0012218062455241,False
adafnn-n2000-seed12,adafnn,12,100,20,2000,adafnn-n2000-lambda0.1-seed12,0.1,0.5383910074956436,0.0011976338639146,False
adafnn-n2000-seed12,adafnn,12,100,20,2000,adafnn-n2000-lambda1-seed12,1.0,0.5383910074956436,0.0011976338639146,False
adafnn-n2000-seed13,adafnn,13,100,20,2000,adafnn-n2000-lambda0.0001-seed13,0.0001,0.5041460001629374,0.0005097950658237,False
adafnn-n2000-seed13,adafnn,13,100,20,2000,adafnn-n2000-lambda0.001-seed13,0.001,0.5039684194386534,0.0004722522862824,False
adafnn-n2000-seed13,adafnn,13,100,20,2000,adafnn-n2000-lambda0.01-seed13,0.01,0.575130396604515,0.0006565922094972,False
adafnn-n2000-seed13,adafnn,13,100,20,2000,adafnn-n2000-lambda0.1-seed13,0.1,0.6213073698560598,0.0031291011501342,True
adafnn-n2000-seed13,adafnn,13,100,20,2000,adafnn-n2000-lambda1-seed13,1.0,0.514894348981594,0.0008570375917288,False
adafnn-n2000-seed14,adafnn,14,100,20,2000,adafnn-n2000-lambda0.0001-seed14,0.0001,0.4990823424945761,0.0004409679358592,False
adafnn-n2000-seed14,adafnn,14,100,20,2000,adafnn-n2000-lambda0.001-seed14,0.001,0.6776184301637279,0.0030914684515178,True
adafnn-n2000-seed14,adafnn,14,100,20,2000,adafnn-n2000-lambda0.01-seed14,0.01,0.4988727571861632,0.0003554222742308,False
adafnn-n2000-seed14,adafnn,14,100,20,2000,adafnn-n2000-lambda0.1-seed14,0.1,0.5389356617055686,0.0007868936476783,False
adafnn-n2000-seed14,adafnn,14,100,20,2000,adafnn-n2000-lambda1-seed14,1.0,0.5391180784989392,0.0007891956824544,False
adafnn-n2000-seed15,adafnn,15,100,20,2000,adafnn-n2000-lambda0.0001-seed15,0.0001,0.5427287295920276,0.0008914291989021,False
adafnn-n2000-seed15,adafnn,15,100,20,2000,adafnn-n2000-lambda0.001-seed15,0.001,0.5329840975359118,0.0012818509932818,False
adafnn-n2000-seed15,adafnn,15,100,20,2000,adafnn-n2000-lambda0.01-seed15,0.01,0.6003350240977308,0.0014942623610736,True
adafnn-n2000-seed15,adafnn,15,100,20,2000,adafnn-n2000-lambda0.1-seed15,0.1,0.5201491177051366,0.0009586333349353,False
adafnn-n2000-seed15,adafnn,15,100,20,2000,adafnn-n2000-lambda1-seed15,1.0,0.548194848858846,0.0018889005352245,False
adafnn-n2000-seed16,adafnn,16,100,20,2000,adafnn-n2000-lambda0.0001-seed16,0.0001,0.5154312729633833,0.0009594009586386,False
adafnn-n2000-seed16,adafnn,16,100,20,2000,adafnn-n2000-lambda0.001-seed16,0.001,0.50904645832805,0.0007799372714036,False
adafnn-n2000-seed16,adafnn,16,100,20,2000,adafnn-n2000-lambda0.01-seed16,0.01,0.5483165970363648,0.0017505212323893,True
adafnn-n2000-seed16,adafnn,16,100,20,2000,adafnn-n2000-lambda0.1-seed16,0.1,0.5353545038356381,0.0013587350798046,False
adafnn-n2000-seed16,adafnn,16,100,20,2000,adafnn-n2000-lambda1-seed16,1.0,0.4953999392799212,0.0003128475894527,False
adafnn-n2000-seed17,adafnn,17,100,20,2000,adafnn-n2000-lambda0.0001-seed17,0.0001,0.5165130984900611,0.0008707678977041,True
adafnn-n2000-seed17,adafnn,17,100,20,2000,adafnn-n2000-lambda0.001-seed17,0.001,0.4988932748907409,0.0003908244339503,False
adafnn-n2000-seed17,adafnn,17,100,20,2000,adafnn-n2000-lambda0.01-seed17,0.01,0.5058526435904461,0.0007465349956643,False
adafnn-n2000-seed17,adafnn,17,100,20,2000,adafnn-n2000-lambda0.1-seed17,0.1,0.5123208614594486,0.0007049944928919,False
adafnn-n2000-seed17,adafnn,17,100,20,2000,adafnn-n2000-lambda1-seed17,1.0,0.5123208614594486,0.0007049944928919,False
adafnn-n2000-seed18,adafnn,18,100,20,2000,adafnn-n2000-lambda0.0001-seed18,0.0001,0.5165151215659807,0.0010203196579238,False
adafnn-n2000-seed18,adafnn,18,100,20,2000,adafnn-n2000-lambda0.001-seed18,0.001,0.6253752354287707,0.0007908586265607,False
adafnn-n2000-seed18,adafnn,18,100,20,2000,adafnn-n2000-lambda0.01-seed18,0.01,0.6379967263081756,0.0012917127255233,True
adafnn-n2000-seed18,adafnn,18,100,20,2000,adafnn-n2000-lambda0.1-seed18,0.1,0.5001067807041345,0.0004181632123082,False
adafnn-n2000-seed18,adafnn,18,100,20,2000,adafnn-n2000-lambda1-seed18,1.0,0.5001067807041345,0.0004181632123082,False
adafnn-n2000-seed19,adafnn,19,100,20,2000,adafnn-n2000-lambda0.0001-seed19,0.0001,0.5487823369243315,0.0019177870015741,True
adafnn-n2000-seed19,adafnn,19,100,20,2000,adafnn-n2000-lambda0.001-seed19,0.001,0.5487823369243315,0.0019177870015741,False
adafnn-n2000-seed19,adafnn,19,100,20,2000,adafnn-n2000-lambda0.01-seed19,0.01,0.5487823369243315,0.0019177870015741,False
adafnn-n2000-seed19,adafnn,19,100,20,2000,adafnn-n2000-lambda0.1-seed19,0.1,0.5487823369243315,0.0019177870015741,False
adafnn-n2000-seed19,adafnn,19,100,20,2000,adafnn-n2000-lambda1-seed19,1.0,0.5487823369243315,0.0019177870015741,False
adafnn-n4000-seed00,adafnn,0,200,20,4000,adafnn-n4000-lambda0.0001-seed00,0.0001,0.4980863164226319,0.0003121011541829,False
adafnn-n4000-seed00,adafnn,0,200,20,4000,adafnn-n4000-lambda0.001-seed00,0.001,0.5070317252994977,0.0005701854011499,True
adafnn-n4000-seed00,adafnn,0,200,20,4000,adafnn-n4000-lambda0.01-seed00,0.01,0.5014386581983917,0.0004029279081091,False
adafnn-n4000-seed00,adafnn,0,200,20,4000,adafnn-n4000-lambda0.1-seed00,0.1,0.5041061772292403,0.0004732863050058,False
adafnn-n4000-seed00,adafnn,0,200,20,4000,adafnn-n4000-lambda1-seed00,1.0,0.5065219346916762,0.0005080334526218,False
adafnn-n4000-seed01,adafnn,1,200,20,4000,adafnn-n4000-lambda0.0001-seed01,0.0001,0.5599317796976239,0.0006553831205145,True
adafnn-n4000-seed01,adafnn,1,200,20,4000,adafnn-n4000-lambda0.001-seed01,0.001,0.5599317796976239,0.0006553831205145,False
adafnn-n4000-seed01,adafnn,1,200,20,4000,adafnn-n4000-lambda0.01-seed01,0.01,0.5599317796976239,0.0006553831205145,False
adafnn-n4000-seed01,adafnn,1,200,20,4000,adafnn-n4000-lambda0.1-seed01,0.1,0.5599317796976239,0.0006553831205145,False
adafnn-n4000-seed01,adafnn,1,200,20,4000,adafnn-n4000-lambda1-seed01,1.0,0.5599317796976239,0.0006553831205145,False
adafnn-n4000-seed02,adafnn,2,200,20,4000,adafnn-n4000-lambda0.0001-seed02,0.0001,0.4993293897315732,0.0003817054498096,False
adafnn-n4000-seed02,adafnn,2,200,20,4000,adafnn-n4000-lambda0.001-seed02,0.001,0.5031411549059508,0.000557974730144,False
adafnn-n4000-seed02,adafnn,2,200,20,4000,adafnn-n4000-lambda0.01-seed02,0.01,0.507261014907162,0.000649601273323,True
adafnn-n4000-seed02,adafnn,2,200,20,4000,adafnn-n4000-lambda0.1-seed02,0.1,0.502967581851042,0.0005491350892993,False
adafnn-n4000-seed02,adafnn,2,200,20,4000,adafnn-n4000-lambda1-seed02,1.0,0.503032163440388,0.0005469855602376,False
adafnn-n4000-seed03,adafnn,3,200,20,4000,adafnn-n4000-lambda0.0001-seed03,0.0001,0.5213957749796103,0.0008398748493698,False
adafnn-n4000-seed03,adafnn,3,200,20,4000,adafnn-n4000-lambda0.001-seed03,0.001,0.528977573552213,0.0009907561920334,False
adafnn-n4000-seed03,adafnn,3,200,20,4000,adafnn-n4000-lambda0.01-seed03,0.01,0.525514702136104,0.0008722007390996,False
adafnn-n4000-seed03,adafnn,3,200,20,4000,adafnn-n4000-lambda0.1-seed03,0.1,0.5351126109344533,0.0007212565761809,True
adafnn-n4000-seed03,adafnn,3,200,20,4000,adafnn-n4000-lambda1-seed03,1.0,0.5232345116304921,0.0008772045868833,False
adafnn-n4000-seed04,adafnn,4,200,20,4000,adafnn-n4000-lambda0.0001-seed04,0.0001,0.520833347471779,0.0007914153321926,False
adafnn-n4000-seed04,adafnn,4,200,20,4000,adafnn-n4000-lambda0.001-seed04,0.001,0.5059109906712158,0.0006146035719527,False
adafnn-n4000-seed04,adafnn,4,200,20,4000,adafnn-n4000-lambda0.01-seed04,0.01,0.6178524407505097,0.0016235856056919,True
adafnn-n4000-seed04,adafnn,4,200,20,4000,adafnn-n4000-lambda0.1-seed04,0.1,0.5062293527488205,0.0006237497011376,False
adafnn-n4000-seed04,adafnn,4,200,20,4000,adafnn-n4000-lambda1-seed04,1.0,0.5739237338456257,0.0007128573644608,False
adafnn-n4000-seed05,adafnn,5,200,20,4000,adafnn-n4000-lambda0.0001-seed05,0.0001,0.4837892474877293,0.0005926746379587,False
adafnn-n4000-seed05,adafnn,5,200,20,4000,adafnn-n4000-lambda0.001-seed05,0.001,0.5034527714011748,0.0006115846546185,False
adafnn-n4000-seed05,adafnn,5,200,20,4000,adafnn-n4000-lambda0.01-seed05,0.01,0.5996020462883357,0.0015550385478761,True
adafnn-n4000-seed05,adafnn,5,200,20,4000,adafnn-n4000-lambda0.1-seed05,0.1,0.5563285970256562,0.0005465837593335,False
adafnn-n4000-seed05,adafnn,5,200,20,4000,adafnn-n4000-lambda1-seed05,1.0,0.5518658739761547,0.0018552432306789,False
adafnn-n4000-seed06,adafnn,6,200,20,4000,adafnn-n4000-lambda0.0001-seed06,0.0001,0.5488012778841146,0.0005615921617628,False
adafnn-n4000-seed06,adafnn,6,200,20,4000,adafnn-n4000-lambda0.001-seed06,0.001,0.5962148399976425,0.0012572517837919,True
adafnn-n4000-seed06,adafnn,6,200,20,4000,adafnn-n4000-lambda0.01-seed06,0.01,0.5515235798765346,0.0019501610496242,False
adafnn-n4000-seed06,adafnn,6,200,20,4000,adafnn-n4000-lambda0.1-seed06,0.1,0.5791373883778028,0.0005584860551582,False
adafnn-n4000-seed06,adafnn,6,200,20,4000,adafnn-n4000-lambda1-seed06,1.0,0.5157879568810265,0.001315177675909,False
adafnn-n4000-seed07,adafnn,7,200,20,4000,adafnn-n4000-lambda0.0001-seed07,0.0001,0.5077278234375089,0.0006676242908902,False
adafnn-n4000-seed07,adafnn,7,200,20,4000,adafnn-n4000-lambda0.001-seed07,0.001,0.5029663311141213,0.0005204930262862,False
adafnn-n4000-seed07,adafnn,7,200,20,4000,adafnn-n4000-lambda0.01-seed07,0.01,0.504683504271426,0.0005932910418909,False
adafnn-n4000-seed07,adafnn,7,200,20,4000,adafnn-n4000-lambda0.1-seed07,0.1,0.6087801524544113,0.0014945653548543,True
adafnn-n4000-seed07,adafnn,7,200,20,4000,adafnn-n4000-lambda1-seed07,1.0,0.6087801524544113,0.0014945653548543,False
adafnn-n4000-seed08,adafnn,8,200,20,4000,adafnn-n4000-lambda0.0001-seed08,0.0001,0.5494798389855634,0.0018765938479559,True
adafnn-n4000-seed08,adafnn,8,200,20,4000,adafnn-n4000-lambda0.001-seed08,0.001,0.5494798389855634,0.0018765938479559,False
adafnn-n4000-seed08,adafnn,8,200,20,4000,adafnn-n4000-lambda0.01-seed08,0.01,0.5494798389855634,0.0018765938479559,False
adafnn-n4000-seed08,adafnn,8,200,20,4000,adafnn-n4000-lambda0.1-seed08,0.1,0.5494798389855634,0.0018765938479559,False
adafnn-n4000-seed08,adafnn,8,200,20,4000,adafnn-n4000-lambda1-seed08,1.0,0.5494798389855634,0.0018765938479559,False
adafnn-n4000-seed09,adafnn,9,200,20,4000,adafnn-n4000-lambda0.0001-seed09,0.0001,0.5007950849266427,0.0004730056720584,False
adafnn-n4000-seed09,adafnn,9,200,20,4000,adafnn-n4000-lambda0.001-seed09,0.001,0.4944780584773637,0.0002808890406012,False
adafnn-n4000-seed09,adafnn,9,200,20,4000,adafnn-n4000-lambda0.01-seed09,0.01,0.5082325348318361,0.000380722422196,False
adafnn-n4000-seed09,adafnn,9,200,20,4000,adafnn-n4000-lambda0.1-seed09,0.1,0.5568418630772259,0.0005261370542059,True
adafnn-n4000-seed09,adafnn,9,200,20,4000,adafnn-n4000-lambda1-seed09,1.0,0.5568418630772259,0.0005261370542059,False
adafnn-n4000-seed10,adafnn,10,200,20,4000,adafnn-n4000-lambda0.0001-seed10,0.0001,0.6534176607135687,0.0006372302832742,True
adafnn-n4000-seed10,adafnn,10,200,20,4000,adafnn-n4000-lambda0.001-seed10,0.001,0.5746800459154664,0.001012423311554,False
adafnn-n4000-seed10,adafnn,10,200,20,4000,adafnn-n4000-lambda0.01-seed10,0.01,0.6520844425873223,0.0007376596990438,False
adafnn-n4000-seed10,adafnn,10,200,20,4000,adafnn-n4000-lambda0.1-seed10,0.1,0.5503282911473045,0.0014237039192536,False
adafnn-n4000-seed10,adafnn,10,200,20,4000,adafnn-n4000-lambda1-seed10,1.0,0.5063090339540163,0.0007323275643192,False
adafnn-n4000-seed11,adafnn,11,200,20,4000,adafnn-n4000-lambda0.0001-seed11,0.0001,0.5305798690041181,0.0009247616362906,False
adafnn-n4000-seed11,adafnn,11,200,20,4000,adafnn-n4000-lambda0.001-seed11,0.001,0.503777273108373,0.0005313198867434,False
adafnn-n4000-seed11,adafnn,11,200,20,4000,adafnn-n4000-lambda0.01-seed11,0.01,0.5876903610776029,0.0013360710474599,True
adafnn-n4000-seed11,adafnn,11,200,20,4000,adafnn-n4000-lambda0.1-seed11,0.1,0.5393581700443482,0.0009953717659884,False
adafnn-n4000-seed11,adafnn,11,200,20,4000,adafnn-n4000-lambda1-seed11,1.0,0.5108641481142354,0.0008438424907388,False
adafnn-n4000-seed12,adafnn,12,200,20,4000,adafnn-n4000-lambda0.0001-seed12,0.0001,0.5711487920182008,0.0023431279586286,False
adafnn-n4000-seed12,adafnn,12,200,20,4000,adafnn-n4000-lambda0.001-seed12,0.001,0.5480919334188437,0.001761023877121,False
adafnn-n4000-seed12,adafnn,12,200,20,4000,adafnn-n4000-lambda0.01-seed12,0.01,0.534578131918348,0.000869744019204,False
adafnn-n4000-seed12,adafnn,12,200,20,4000,adafnn-n4000-lambda0.1-seed12,0.1,0.499550163854232,0.0004160151880553,False
adafnn-n4000-seed12,adafnn,12,200,20,4000,adafnn-n4000-lambda1-seed12,1.0,0.6398191509162421,0.0021472000590552,True
adafnn-n4000-seed13,adafnn,13,200,20,4000,adafnn-n4000-lambda0.0001-seed13,0.0001,0.5790324594260164,0.0008567815816971,False
adafnn-n4000-seed13,adafnn,13,200,20,4000,adafnn-n4000-lambda0.001-seed13,0.001,0.583014509644976,0.0011604920147429,False
adafnn-n4000-seed13,adafnn,13,200,20,4000,adafnn-n4000-lambda0.01-seed13,0.01,0.5031490709932119,0.0005549065987775,False
adafnn-n4000-seed13,adafnn,13,200,20,4000,adafnn-n4000-lambda0.1-seed13,0.1,0.607407618523506,0.0013505755923163,False
adafnn-n4000-seed13,adafnn,13,200,20,4000,adafnn-n4000-lambda1-seed13,1.0,0.6213073698560598,0.0031291011501342,True
adafnn-n4000-seed14,adafnn,14,200,20,4000,adafnn-n4000-lambda0.0001-seed14,0.0001,0.6204699036805039,0.0016987289766548,False
adafnn-n4000-seed14,adafnn,14,200,20,4000,adafnn-n4000-lambda0.001-seed14,0.001,0.5031887465502813,0.0007417372177235,False
adafnn-n4000-seed14,adafnn,14,200,20,4000,adafnn-n4000-lambda0.01-seed14,0.01,0.5393215620935328,0.000641883018409,False
adafnn-n4000-seed14,adafnn,14,200,20,4000,adafnn-n4000-lambda0.1-seed14,0.1,0.6215304385437688,0.0031592062614219,True
adafnn-n4000-seed14,adafnn,14,200,20,4000,adafnn-n4000-lambda1-seed14,1.0,0.520960759236496,0.0009871237304799,False
adafnn-n4000-seed15,adafnn,15,200,20,4000,adafnn-n4000-lambda0.0001-seed15,0.0001,0.5030023162541013,0.0005461757571728,False
adafnn-n4000-seed15,adafnn,15,200,20,4000,adafnn-n4000-lambda0.001-seed15,0.001,0.5172633093546324,0.0009614828814109,False
adafnn-n4000-seed15,adafnn,15,200,20,4000,adafnn-n4000-lambda0.01-seed15,0.01,0.5024294033209261,0.0005113685731611,False
adafnn-n4000-seed15,adafnn,15,200,20,4000,adafnn-n4000-lambda0.1-seed15,0.1,0.5954722021523644,0.0012356467112141,True
adafnn-n4000-seed15,adafnn,15,200,20,4000,adafnn-n4000-lambda1-seed15,1.0,0.5954722021523644,0.0012356467112141,False
adafnn-n4000-seed16,adafnn,16,200,20,4000,adafnn-n4000-lambda0.0001-seed16,0.0001,0.7445314109052905,0.0025918875231226,True
adafnn-n4000-seed16,adafnn,16,200,20,4000,adafnn-n4000-lambda0.001-seed16,0.001,0.7004466171246078,0.0039808477322306,False
adafnn-n4000-seed16,adafnn,16,200,20,4000,adafnn-n4000-lambda0.01-seed16,0.01,0.694089451336046,0.0038042192970814,False
adafnn-n4000-seed16,adafnn,16,200,20,4000,adafnn-n4000-lambda0.1-seed16,0.1,0.5053228400738743,0.0005099667777085,False
adafnn-n4000-seed16,adafnn,16,200,20,4000,adafnn-n4000-lambda1-seed16,1.0,0.5000062440329076,0.0004182964584311,False
adafnn-n4000-seed17,adafnn,17,200,20,4000,adafnn-n4000-lambda0.0001-seed17,0.0001,0.526408130108376,0.0010837930665422,False
adafnn-n4000-seed17,adafnn,17,200,20,4000,adafnn-n4000-lambda0.001-seed17,0.001,0.612933290690358,0.0007730623327181,True
adafnn-n4000-seed17,adafnn,17,200,20,4000,adafnn-n4000-lambda0.01-seed17,0.01,0.5296397993270173,0.0011872921834672,False
adafnn-n4000-seed17,adafnn,17,200,20,4000,adafnn-n4000-lambda0.1-seed17,0.1,0.5004265633983935,0.0004364989354117,False
adafnn-n4000-seed17,adafnn,17,200,20,4000,adafnn-n4000-lambda1-seed17,1.0,0.5184968973352626,0.0010359602086624,False
adafnn-n4000-seed18,adafnn,18,200,20,4000,adafnn-n4000-lambda0.0001-seed18,0.0001,0.5000558109951273,0.0004369700249583,False
adafnn-n4000-seed18,adafnn,18,200,20,4000,adafnn-n4000-lambda0.001-seed18,0.001,0.6208370239945107,0.0032752151855674,True
adafnn-n4000-seed18,adafnn,18,200,20,4000,adafnn-n4000-lambda0.01-seed18,0.01,0.597021902003194,0.0013022011490402,False
adafnn-n4000-seed18,adafnn,18,200,20,4000,adafnn-n4000-lambda0.1-seed18,0.1,0.5070990070696065,0.0006806115514409,False
adafnn-n4000-seed18,adafnn,18,200,20,4000,adafnn-n4000-lambda1-seed18,1.0,0.5065555673488057,0.0006528718031466,False
adafnn-n4000-seed19,adafnn,19,200,20,4000,adafnn-n4000-lambda0.0001-seed19,0.0001,0.5487813743457759,0.0019177372525136,True
adafnn-n4000-seed19,adafnn,19,200,20,4000,adafnn-n4000-lambda0.001-seed19,0.001,0.5088902607126359,0.0007076086500285,False
adafnn-n4000-seed19,adafnn,19,200,20,4000,adafnn-n4000-lambda0.01-seed19,0.01,0.5487813743457752,0.0019177372525135,False
adafnn-n4000-seed19,adafnn,19,200,20,4000,adafnn-n4000-lambda0.1-seed19,0.1,0.5178252928694638,0.0009003420492128,False
adafnn-n4000-seed19,adafnn,19,200,20,4000,adafnn-n4000-lambda1-seed19,1.0,0.5155964224102384,0.0010135273794829,False
adafnn-n8000-seed00,adafnn,0,400,20,8000,adafnn-n8000-lambda0.0001-seed00,0.0001,0.546683105962029,0.001848600751213,False
adafnn-n8000-seed00,adafnn,0,400,20,8000,adafnn-n8000-lambda0.001-seed00,0.001,0.5572921823978468,0.0006620770919453,False
adafnn-n8000-seed00,adafnn,0,400,20,8000,adafnn-n8000-lambda0.01-seed00,0.01,0.5618451298137249,0.0006914623036752,True
adafnn-n8000-seed00,adafnn,0,400,20,8000,adafnn-n8000-lambda0.1-seed00,0.1,0.5013683352751048,0.0004481048019664,False
adafnn-n8000-seed00,adafnn,0,400,20,8000,adafnn-n8000-lambda1-seed00,1.0,0.5013683352751048,0.0004481048019664,False
adafnn-n8000-seed01,adafnn,1,400,20,8000,adafnn-n8000-lambda0.0001-seed01,0.0001,0.509640685350182,0.0007828762005474,False
adafnn-n8000-seed01,adafnn,1,400,20,8000,adafnn-n8000-lambda0.001-seed01,0.001,0.5086233060741195,0.0007823275867158,False
adafnn-n8000-seed01,adafnn,1,400,20,8000,adafnn-n8000-lambda0.01-seed01,0.01,0.5697124275644214,0.0009383786754537,True
adafnn-n8000-seed01,adafnn,1,400,20,8000,adafnn-n8000-lambda0.1-seed01,0.1,0.5501245845984448,0.001849205862777,False
adafnn-n8000-seed01,adafnn,1,400,20,8000,adafnn-n8000-lambda1-seed01,1.0,0.5300917295460839,0.0010028965977484,False
adafnn-n8000-seed02,adafnn,2,400,20,8000,adafnn-n8000-lambda0.0001-seed02,0.0001,0.5095240131505314,0.0007458090824705,True
adafnn-n8000-seed02,adafnn,2,400,20,8000,adafnn-n8000-lambda0.001-seed02,0.001,0.5043713653544468,0.0005657146745374,False
adafnn-n8000-seed02,adafnn,2,400,20,8000,adafnn-n8000-lambda0.01-seed02,0.01,0.499818759149144,0.0004154529730144,False
adafnn-n8000-seed02,adafnn,2,400,20,8000,adafnn-n8000-lambda0.1-seed02,0.1,0.5052926591194395,0.0005529323083212,False
adafnn-n8000-seed02,adafnn,2,400,20,8000,adafnn-n8000-lambda1-seed02,1.0,0.5052926591194395,0.0005529323083212,False
adafnn-n8000-seed03,adafnn,3,400,20,8000,adafnn-n8000-lambda0.0001-seed03,0.0001,0.5264592588905812,0.0012571441997499,True
adafnn-n8000-seed03,adafnn,3,400,20,8000,adafnn-n8000-lambda0.001-seed03,0.001,0.5068510601861937,0.000707469186103,False
adafnn-n8000-seed03,adafnn,3,400,20,8000,adafnn-n8000-lambda0.01-seed03,0.01,0.5148073049268775,0.0009040974472239,False
adafnn-n8000-seed03,adafnn,3,400,20,8000,adafnn-n8000-lambda0.1-seed03,0.1,0.5126858286686264,0.0008492403720124,False
adafnn-n8000-seed03,adafnn,3,400,20,8000,adafnn-n8000-lambda1-seed03,1.0,0.5126858286686264,0.0008492403720124,False
adafnn-n8000-seed04,adafnn,4,400,20,8000,adafnn-n8000-lambda0.0001-seed04,0.0001,0.5110310704792084,0.0008038076247928,False
adafnn-n8000-seed04,adafnn,4,400,20,8000,adafnn-n8000-lambda0.001-seed04,0.001,0.5067242092212423,0.000694254111229,False
adafnn-n8000-seed04,adafnn,4,400,20,8000,adafnn-n8000-lambda0.01-seed04,0.01,0.5109434878075847,0.0003914248928404,False
adafnn-n8000-seed04,adafnn,4,400,20,8000,adafnn-n8000-lambda0.1-seed04,0.1,0.5519364860843977,0.001942492262124,True
adafnn-n8000-seed04,adafnn,4,400,20,8000,adafnn-n8000-lambda1-seed04,1.0,0.4991131811706299,0.0004125276716704,False
adafnn-n8000-seed05,adafnn,5,400,20,8000,adafnn-n8000-lambda0.0001-seed05,0.0001,0.7027869750770263,0.0010324883561722,True
adafnn-n8000-seed05,adafnn,5,400,20,8000,adafnn-n8000-lambda0.001-seed05,0.001,0.5042339175156595,0.0005944803937879,False
adafnn-n8000-seed05,adafnn,5,400,20,8000,adafnn-n8000-lambda0.01-seed05,0.01,0.5459579262160665,0.0014712943693712,False
adafnn-n8000-seed05,adafnn,5,400,20,8000,adafnn-n8000-lambda0.1-seed05,0.1,0.5429866963569875,0.0006214081351805,False
adafnn-n8000-seed05,adafnn,5,400,20,8000,adafnn-n8000-lambda1-seed05,1.0,0.4997388909199112,0.0004068586233992,False
adafnn-n8000-seed06,adafnn,6,400,20,8000,adafnn-n8000-lambda0.0001-seed06,0.0001,0.5060242550079979,0.0005424220861036,False
adafnn-n8000-seed06,adafnn,6,400,20,8000,adafnn-n8000-lambda0.001-seed06,0.001,0.516895423051861,0.0008715856532469,False
adafnn-n8000-seed06,adafnn,6,400,20,8000,adafnn-n8000-lambda0.01-seed06,0.01,0.645574620534438,0.0022507781979497,True
adafnn-n8000-seed06,adafnn,6,400,20,8000,adafnn-n8000-lambda0.1-seed06,0.1,0.5918683774572321,0.0012579410910843,False
adafnn-n8000-seed06,adafnn,6,400,20,8000,adafnn-n8000-lambda1-seed06,1.0,0.5879751221249271,0.001231159826327,False
adafnn-n8000-seed07,adafnn,7,400,20,8000,adafnn-n8000-lambda0.0001-seed07,0.0001,0.5753402780022457,0.0006083629309788,False
adafnn-n8000-seed07,adafnn,7,400,20,8000,adafnn-n8000-lambda0.001-seed07,0.001,0.624657742103714,0.0007441191428714,True
adafnn-n8000-seed07,adafnn,7,400,20,8000,adafnn-n8000-lambda0.01-seed07,0.01,0.624657742103714,0.0007441191428714,False
adafnn-n8000-seed07,adafnn,7,400,20,8000,adafnn-n8000-lambda0.1-seed07,0.1,0.624657742103714,0.0007441191428714,False
adafnn-n8000-seed07,adafnn,7,400,20,8000,adafnn-n8000-lambda1-seed07,1.0,0.624657742103714,0.0007441191428714,False
adafnn-n8000-seed08,adafnn,8,400,20,8000,adafnn-n8000-lambda0.0001-seed08,0.0001,0.5182619781872354,0.0008856356246195,False
adafnn-n8000-seed08,adafnn,8,400,20,8000,adafnn-n8000-lambda0.001-seed08,0.001,0.6113577194684101,0.0012508495333053,True
adafnn-n8000-seed08,adafnn,8,400,20,8000,adafnn-n8000-lambda0.01-seed08,0.01,0.5536989824741981,0.0006708492612473,False
adafnn-n8000-seed08,adafnn,8,400,20,8000,adafnn-n8000-lambda0.1-seed08,0.1,0.5061881357443097,0.0006121658811259,False
adafnn-n8000-seed08,adafnn,8,400,20,8000,adafnn-n8000-lambda1-seed08,1.0,0.555103951762477,0.0005174684693804,False
adafnn-n8000-seed09,adafnn,9,400,20,8000,adafnn-n8000-lambda0.0001-seed09,0.0001,0.5281615518527413,0.0010459215439004,False
adafnn-n8000-seed09,adafnn,9,400,20,8000,adafnn-n8000-lambda0.001-seed09,0.001,0.6244419692686131,0.0017442781641091,True
adafnn-n8000-seed09,adafnn,9,400,20,8000,adafnn-n8000-lambda0.01-seed09,0.01,0.4998218907501396,0.000387126416591,False
adafnn-n8000-seed09,adafnn,9,400,20,8000,adafnn-n8000-lambda0.1-seed09,0.1,0.4982708304558915,0.000378482850663,False
adafnn-n8000-seed09,adafnn,9,400,20,8000,adafnn-n8000-lambda1-seed09,1.0,0.4982708304558915,0.000378482850663,False
adafnn-n8000-seed10,adafnn,10,400,20,8000,adafnn-n8000-lambda0.0001-seed10,0.0001,0.5068839018626738,0.0006154201708645,False
adafnn-n8000-seed10,adafnn,10,400,20,8000,adafnn-n8000-lambda0.001-seed10,0.001,0.7718305268427558,0.0009560036497193,True
adafnn-n8000-seed10,adafnn,10,400,20,8000,adafnn-n8000-lambda0.01-seed10,0.01,0.5295455756478978,0.0006469221277855,False
adafnn-n8000-seed10,adafnn,10,400,20,8000,adafnn-n8000-lambda0.1-seed10,0.1,0.5281612204977871,0.001024034575307,False
adafnn-n8000-seed10,adafnn,10,400,20,8000,adafnn-n8000-lambda1-seed10,1.0,0.5281612204977871,0.001024034575307,False
adafnn-n8000-seed11,adafnn,11,400,20,8000,adafnn-n8000-lambda0.0001-seed11,0.0001,0.5405005507971986,0.0015673084001995,False
adafnn-n8000-seed11,adafnn,11,400,20,8000,adafnn-n8000-lambda0.001-seed11,0.001,0.551830771229053,0.0019140816428128,True
adafnn-n8000-seed11,adafnn,11,400,20,8000,adafnn-n8000-lambda0.01-seed11,0.01,0.550439011460505,0.0005125435678705,False
adafnn-n8000-seed11,adafnn,11,400,20,8000,adafnn-n8000-lambda0.1-seed11,0.1,0.5007964142026698,0.0004912562543227,False
adafnn-n8000-seed11,adafnn,11,400,20,8000,adafnn-n8000-lambda1-seed11,1.0,0.508948634221769,0.0009400752074236,False
adafnn-n8000-seed12,adafnn,12,400,20,8000,adafnn-n8000-lambda0.0001-seed12,0.0001,0.5275721612167289,0.0009359890973212,False
adafnn-n8000-seed12,adafnn,12,400,20,8000,adafnn-n8000-lambda0.001-seed12,0.001,0.5018754591896107,0.0004069307954438,False
adafnn-n8000-seed12,adafnn,12,400,20,8000,adafnn-n8000-lambda0.01-seed12,0.01,0.5108397859624182,0.0005590545407581,False
adafnn-n8000-seed12,adafnn,12,400,20,8000,adafnn-n8000-lambda0.1-seed12,0.1,0.5516372930124696,0.0019047024829192,True
adafnn-n8000-seed12,adafnn,12,400,20,8000,adafnn-n8000-lambda1-seed12,1.0,0.5119556010868517,0.0008102489695205,False
adafnn-n8000-seed13,adafnn,13,400,20,8000,adafnn-n8000-lambda0.0001-seed13,0.0001,0.5986855187817798,0.0011267180252565,True
adafnn-n8000-seed13,adafnn,13,400,20,8000,adafnn-n8000-lambda0.001-seed13,0.001,0.5986855187817798,0.0011267180252565,False
adafnn-n8000-seed13,adafnn,13,400,20,8000,adafnn-n8000-lambda0.01-seed13,0.01,0.5986855187817798,0.0011267180252565,False
adafnn-n8000-seed13,adafnn,13,400,20,8000,adafnn-n8000-lambda0.1-seed13,0.1,0.5986855187817798,0.0011267180252565,False
adafnn-n8000-seed13,adafnn,13,400,20,8000,adafnn-n8000-lambda1-seed13,1.0,0.5986855187817798,0.0011267180252565,False
adafnn-n8000-seed14,adafnn,14,400,20,8000,adafnn-n8000-lambda0.0001-seed14,0.0001,0.517499299397279,0.0010248143091795,False
adafnn-n8000-seed14,adafnn,14,400,20,8000,adafnn-n8000-lambda0.001-seed14,0.001,0.4978125680266463,0.0002975761439164,False
adafnn-n8000-seed14,adafnn,14,400,20,8000,adafnn-n8000-lambda0.01-seed14,0.01,0.5382841338950516,0.0014109515007883,False
adafnn-n8000-seed14,adafnn,14,400,20,8000,adafnn-n8000-lambda0.1-seed14,0.1,0.5492753985680958,0.0018922060892075,True
adafnn-n8000-seed14,adafnn,14,400,20,8000,adafnn-n8000-lambda1-seed14,1.0,0.5492753985680958,0.0018922060892075,False
adafnn-n8000-seed15,adafnn,15,400,20,8000,adafnn-n8000-lambda0.0001-seed15,0.0001,0.5022016295641507,0.000465828174922,False
adafnn-n8000-seed15,adafnn,15,400,20,8000,adafnn-n8000-lambda0.001-seed15,0.001,0.5047831200542062,0.0005755198466057,False
adafnn-n8000-seed15,adafnn,15,400,20,8000,adafnn-n8000-lambda0.01-seed15,0.01,0.504100488241763,0.0005717886602348,False
adafnn-n8000-seed15,adafnn,15,400,20,8000,adafnn-n8000-lambda0.1-seed15,0.1,0.5090136962739759,0.0006627627122876,True
adafnn-n8000-seed15,adafnn,15,400,20,8000,adafnn-n8000-lambda1-seed15,1.0,0.5020365577900779,0.0004882790666243,False
adafnn-n8000-seed16,adafnn,16,400,20,8000,adafnn-n8000-lambda0.0001-seed16,0.0001,0.8610165707193761,0.0024766155550008,True
adafnn-n8000-seed16,adafnn,16,400,20,8000,adafnn-n8000-lambda0.001-seed16,0.001,0.5020914656089662,0.000506029296681,False
adafnn-n8000-seed16,adafnn,16,400,20,8000,adafnn-n8000-lambda0.01-seed16,0.01,0.5881912797305335,0.0010232173189841,False
adafnn-n8000-seed16,adafnn,16,400,20,8000,adafnn-n8000-lambda0.1-seed16,0.1,0.5289803162503608,0.0012548039530802,False
adafnn-n8000-seed16,adafnn,16,400,20,8000,adafnn-n8000-lambda1-seed16,1.0,0.5156074360262418,0.0008494544329775,False
adafnn-n8000-seed17,adafnn,17,400,20,8000,adafnn-n8000-lambda0.0001-seed17,0.0001,0.5029646952591788,0.0004266397469077,False
adafnn-n8000-seed17,adafnn,17,400,20,8000,adafnn-n8000-lambda0.001-seed17,0.001,0.5150548273201063,0.0009393570822522,False
adafnn-n8000-seed17,adafnn,17,400,20,8000,adafnn-n8000-lambda0.01-seed17,0.01,0.5103807727920714,0.000642128133246,False
adafnn-n8000-seed17,adafnn,17,400,20,8000,adafnn-n8000-lambda0.1-seed17,0.1,0.5009769045562315,0.0004776594458119,False
adafnn-n8000-seed17,adafnn,17,400,20,8000,adafnn-n8000-lambda1-seed17,1.0,0.6105689879395023,0.0010749534277159,True
adafnn-n8000-seed18,adafnn,18,400,20,8000,adafnn-n8000-lambda0.0001-seed18,0.0001,0.4994741413808042,0.0003924699277862,False
adafnn-n8000-seed18,adafnn,18,400,20,8000,adafnn-n8000-lambda0.001-seed18,0.001,0.5005918121448013,0.0004475800041677,False
adafnn-n8000-seed18,adafnn,18,400,20,8000,adafnn-n8000-lambda0.01-seed18,0.01,0.5025179107233692,0.0005765167054158,True
adafnn-n8000-seed18,adafnn,18,400,20,8000,adafnn-n8000-lambda0.1-seed18,0.1,0.5021599680356726,0.0004834768454956,False
adafnn-n8000-seed18,adafnn,18,400,20,8000,adafnn-n8000-lambda1-seed18,1.0,0.4984870639362731,0.0003534623638243,False
adafnn-n8000-seed19,adafnn,19,400,20,8000,adafnn-n8000-lambda0.0001-seed19,0.0001,0.6856728404746102,0.0034571130314203,True
adafnn-n8000-seed19,adafnn,19,400,20,8000,adafnn-n8000-lambda0.001-seed19,0.001,0.5147727704785896,0.00074882283846,False
adafnn-n8000-seed19,adafnn,19,400,20,8000,adafnn-n8000-lambda0.01-seed19,0.01,0.5003268177630565,0.000418528952035,False
adafnn-n8000-seed19,adafnn,19,400,20,8000,adafnn-n8000-lambda0.1-seed19,0.1,0.6457499710928647,0.0023294400169186,False
adafnn-n8000-seed19,adafnn,19,400,20,8000,adafnn-n8000-lambda1-seed19,1.0,0.501044310597165,0.0004220963401777,False
adafnn-n16000-seed00,adafnn,0,800,20,16000,adafnn-n16000-lambda0.0001-seed00,0.0001,0.5495570437428453,0.0019370388433152,False
adafnn-n16000-seed00,adafnn,0,800,20,16000,adafnn-n16000-lambda0.001-seed00,0.001,0.5209727314393351,0.0007399569153678,False
adafnn-n16000-seed00,adafnn,0,800,20,16000,adafnn-n16000-lambda0.01-seed00,0.01,0.5636490073787022,0.0013096010583511,True
adafnn-n16000-seed00,adafnn,0,800,20,16000,adafnn-n16000-lambda0.1-seed00,0.1,0.526423227429475,0.0009744938118496,False
adafnn-n16000-seed00,adafnn,0,800,20,16000,adafnn-n16000-lambda1-seed00,1.0,0.4990171697878565,0.0004789427223397,False
adafnn-n16000-seed01,adafnn,1,800,20,16000,adafnn-n16000-lambda0.0001-seed01,0.0001,0.5791701586861576,0.0014387684417437,False
adafnn-n16000-seed01,adafnn,1,800,20,16000,adafnn-n16000-lambda0.001-seed01,0.001,0.5892033671063018,0.00115221382951,False
adafnn-n16000-seed01,adafnn,1,800,20,16000,adafnn-n16000-lambda0.01-seed01,0.01,0.5160072964993458,0.0008051863235231,False
adafnn-n16000-seed01,adafnn,1,800,20,16000,adafnn-n16000-lambda0.1-seed01,0.1,0.6202823386267664,0.0032369073087627,True
adafnn-n16000-seed01,adafnn,1,800,20,16000,adafnn-n16000-lambda1-seed01,1.0,0.584295246493399,0.0010281207680596,False
adafnn-n16000-seed02,adafnn,2,800,20,16000,adafnn-n16000-lambda0.0001-seed02,0.0001,0.506852823354436,0.0006999196211016,False
adafnn-n16000-seed02,adafnn,2,800,20,16000,adafnn-n16000-lambda0.001-seed02,0.001,0.658270312306234,0.0026365617880447,True
adafnn-n16000-seed02,adafnn,2,800,20,16000,adafnn-n16000-lambda0.01-seed02,0.01,0.5087020170270145,0.0007304154429163,False
adafnn-n16000-seed02,adafnn,2,800,20,16000,adafnn-n16000-lambda0.1-seed02,0.1,0.6129492494762787,0.0013665409899033,False
adafnn-n16000-seed02,adafnn,2,800,20,16000,adafnn-n16000-lambda1-seed02,1.0,0.5469536999347391,0.0011364830120339,False
adafnn-n16000-seed03,adafnn,3,800,20,16000,adafnn-n16000-lambda0.0001-seed03,0.0001,0.7240065797281051,0.0038968376107769,True
adafnn-n16000-seed03,adafnn,3,800,20,16000,adafnn-n16000-lambda0.001-seed03,0.001,0.5044859027129874,0.0006783288705146,False
adafnn-n16000-seed03,adafnn,3,800,20,16000,adafnn-n16000-lambda0.01-seed03,0.01,0.6232906563681238,0.0009620358124268,False
adafnn-n16000-seed03,adafnn,3,800,20,16000,adafnn-n16000-lambda0.1-seed03,0.1,0.6663731099656227,0.0028055606011734,False
adafnn-n16000-seed03,adafnn,3,800,20,16000,adafnn-n16000-lambda1-seed03,1.0,0.5646804991933875,0.0007343454891376,False
adafnn-n16000-seed04,adafnn,4,800,20,16000,adafnn-n16000-lambda0.0001-seed04,0.0001,0.6182549592410681,0.0032607260748327,True
adafnn-n16000-seed04,adafnn,4,800,20,16000,adafnn-n16000-lambda0.001-seed04,0.001,0.5016954676328026,0.0005621161891751,False
adafnn-n16000-seed04,adafnn,4,800,20,16000,adafnn-n16000-lambda0.01-seed04,0.01,0.5123283482208252,0.0008078671885688,False
adafnn-n16000-seed04,adafnn,4,800,20,16000,adafnn-n16000-lambda0.1-seed04,0.1,0.545650755635172,0.0004094904684604,False
adafnn-n16000-seed04,adafnn,4,800,20,16000,adafnn-n16000-lambda1-seed04,1.0,0.5406376696103353,0.0011131988660851,False
adafnn-n16000-seed05,adafnn,5,800,20,16000,adafnn-n16000-lambda0.0001-seed05,0.0001,0.500583758317505,0.0005281299777017,False
adafnn-n16000-seed05,adafnn,5,800,20,16000,adafnn-n16000-lambda0.001-seed05,0.001,0.6656550846366447,0.0028860149546494,False
adafnn-n16000-seed05,adafnn,5,800,20,16000,adafnn-n16000-lambda0.01-seed05,0.01,0.6699509808125282,0.0030054855224584,True
adafnn-n16000-seed05,adafnn,5,800,20,16000,adafnn-n16000-lambda0.1-seed05,0.1,0.5860854065653122,0.0010207002708523,False
adafnn-n16000-seed05,adafnn,5,800,20,16000,adafnn-n16000-lambda1-seed05,1.0,0.5860854065653122,0.0010207002708523,False
adafnn-n16000-seed06,adafnn,6,800,20,16000,adafnn-n16000-lambda0.0001-seed06,0.0001,0.5354844360025498,0.0006989554200812,False
adafnn-n16000-seed06,adafnn,6,800,20,16000,adafnn-n16000-lambda0.001-seed06,0.001,0.5498642513343845,0.0019340547642935,False
adafnn-n16000-seed06,adafnn,6,800,20,16000,adafnn-n16000-lambda0.01-seed06,0.01,0.6604209343220436,0.0027090934781426,True
adafnn-n16000-seed06,adafnn,6,800,20,16000,adafnn-n16000-lambda0.1-seed06,0.1,0.5560310293638429,0.002000640490003,False
adafnn-n16000-seed06,adafnn,6,800,20,16000,adafnn-n16000-lambda1-seed06,1.0,0.6539685999285954,0.0026331097485853,False
adafnn-n16000-seed07,adafnn,7,800,20,16000,adafnn-n16000-lambda0.0001-seed07,0.0001,0.5304465813519098,0.000617176629413,False
adafnn-n16000-seed07,adafnn,7,800,20,16000,adafnn-n16000-lambda0.001-seed07,0.001,0.7652412858912703,0.0021803402896505,True
adafnn-n16000-seed07,adafnn,7,800,20,16000,adafnn-n16000-lambda0.01-seed07,0.01,0.7121169604800509,0.0035639783934382,False
adafnn-n16000-seed07,adafnn,7,800,20,16000,adafnn-n16000-lambda0.1-seed07,0.1,0.5082545288535242,0.0006890860610486,False
adafnn-n16000-seed07,adafnn,7,800,20,16000,adafnn-n16000-lambda1-seed07,1.0,0.5519431961476414,0.0019464625021337,False
adafnn-n16000-seed08,adafnn,8,800,20,16000,adafnn-n16000-lambda0.0001-seed08,0.0001,0.6773463736870761,0.0034614810378838,True
adafnn-n16000-seed08,adafnn,8,800,20,16000,adafnn-n16000-lambda0.001-seed08,0.001,0.5071275717932587,0.0007540822493883,False
adafnn-n16000-seed08,adafnn,8,800,20,16000,adafnn-n16000-lambda0.01-seed08,0.01,0.6046956231968325,0.0016576208413514,False
adafnn-n16000-seed08,adafnn,8,800,20,16000,adafnn-n16000-lambda0.1-seed08,0.1,0.5108879933696128,0.0009087143993716,False
adafnn-n16000-seed08,adafnn,8,800,20,16000,adafnn-n16000-lambda1-seed08,1.0,0.5348690392535516,0.0013106912956981,False
adafnn-n16000-seed09,adafnn,9,800,20,16000,adafnn-n16000-lambda0.0001-seed09,0.0001,0.5371285993133891,0.0006087750793052,False
adafnn-n16000-seed09,adafnn,9,800,20,16000,adafnn-n16000-lambda0.001-seed09,0.001,0.5741072947802138,0.0009060870519233,False
adafnn-n16000-seed09,adafnn,9,800,20,16000,adafnn-n16000-lambda0.01-seed09,0.01,0.5930498293526353,0.0009982908616095,True
adafnn-n16000-seed09,adafnn,9,800,20,16000,adafnn-n16000-lambda0.1-seed09,0.1,0.5247504253173415,0.0010277019890187,False
adafnn-n16000-seed09,adafnn,9,800,20,16000,adafnn-n16000-lambda1-seed09,1.0,0.5301585175547698,0.0008088247757876,False
adafnn-n16000-seed10,adafnn,10,800,20,16000,adafnn-n16000-lambda0.0001-seed10,0.0001,0.5289412852822079,0.0011249694054124,False
adafnn-n16000-seed10,adafnn,10,800,20,16000,adafnn-n16000-lambda0.001-seed10,0.001,0.5117624763044725,0.0006272292944947,False
adafnn-n16000-seed10,adafnn,10,800,20,16000,adafnn-n16000-lambda0.01-seed10,0.01,0.6914802353435826,0.0036412435644441,True
adafnn-n16000-seed10,adafnn,10,800,20,16000,adafnn-n16000-lambda0.1-seed10,0.1,0.6525817355252733,0.0025349787864606,False
adafnn-n16000-seed10,adafnn,10,800,20,16000,adafnn-n16000-lambda1-seed10,1.0,0.6563341028542296,0.0026925200049341,False
adafnn-n16000-seed11,adafnn,11,800,20,16000,adafnn-n16000-lambda0.0001-seed11,0.0001,0.5067514182726663,0.000671979841009,False
adafnn-n16000-seed11,adafnn,11,800,20,16000,adafnn-n16000-lambda0.001-seed11,0.001,0.5592366710440533,0.0006102961306921,False
adafnn-n16000-seed11,adafnn,11,800,20,16000,adafnn-n16000-lambda0.01-seed11,0.01,0.6554180656784097,0.0025929976944209,True
adafnn-n16000-seed11,adafnn,11,800,20,16000,adafnn-n16000-lambda0.1-seed11,0.1,0.5223268089502572,0.0008608868663095,False
adafnn-n16000-seed11,adafnn,11,800,20,16000,adafnn-n16000-lambda1-seed11,1.0,0.6437373132959396,0.0022980677482383,False
adafnn-n16000-seed12,adafnn,12,800,20,16000,adafnn-n16000-lambda0.0001-seed12,0.0001,0.5082178657158384,0.0007892581536092,False
adafnn-n16000-seed12,adafnn,12,800,20,16000,adafnn-n16000-lambda0.001-seed12,0.001,0.6819089056213498,0.0031602404882229,True
adafnn-n16000-seed12,adafnn,12,800,20,16000,adafnn-n16000-lambda0.01-seed12,0.01,0.5288968742686087,0.0012640573576847,False
adafnn-n16000-seed12,adafnn,12,800,20,16000,adafnn-n16000-lambda0.1-seed12,0.1,0.4958085138465816,0.0003705592406664,False
adafnn-n16000-seed12,adafnn,12,800,20,16000,adafnn-n16000-lambda1-seed12,1.0,0.5103524420109434,0.000675486908956,False
adafnn-n16000-seed13,adafnn,13,800,20,16000,adafnn-n16000-lambda0.0001-seed13,0.0001,0.5061193913868144,0.000675554298862,False
adafnn-n16000-seed13,adafnn,13,800,20,16000,adafnn-n16000-lambda0.001-seed13,0.001,0.5970654436280011,0.0008343411052705,False
adafnn-n16000-seed13,adafnn,13,800,20,16000,adafnn-n16000-lambda0.01-seed13,0.01,0.605064166983082,0.0016969994437187,True
adafnn-n16000-seed13,adafnn,13,800,20,16000,adafnn-n16000-lambda0.1-seed13,0.1,0.5494931840246761,0.0019547701381408,False
adafnn-n16000-seed13,adafnn,13,800,20,16000,adafnn-n16000-lambda1-seed13,1.0,0.5234962826416908,0.0008709369573973,False
adafnn-n16000-seed14,adafnn,14,800,20,16000,adafnn-n16000-lambda0.0001-seed14,0.0001,0.689648827637142,0.0034432644539824,True
adafnn-n16000-seed14,adafnn,14,800,20,16000,adafnn-n16000-lambda0.001-seed14,0.001,0.6624040995373346,0.0026347440535419,False
adafnn-n16000-seed14,adafnn,14,800,20,16000,adafnn-n16000-lambda0.01-seed14,0.01,0.657463400260544,0.0024893401922639,False
adafnn-n16000-seed14,adafnn,14,800,20,16000,adafnn-n16000-lambda0.1-seed14,0.1,0.6320610961610862,0.0018536977052251,False
adafnn-n16000-seed14,adafnn,14,800,20,16000,adafnn-n16000-lambda1-seed14,1.0,0.6594450045206113,0.0027977785049482,False
adafnn-n16000-seed15,adafnn,15,800,20,16000,adafnn-n16000-lambda0.0001-seed15,0.0001,0.5019677964526846,0.000514387165825,False
adafnn-n16000-seed15,adafnn,15,800,20,16000,adafnn-n16000-lambda0.001-seed15,0.001,0.6149418328723142,0.0031520334022503,True
adafnn-n16000-seed15,adafnn,15,800,20,16000,adafnn-n16000-lambda0.01-seed15,0.01,0.5640649853155726,0.0007108728306909,False
adafnn-n16000-seed15,adafnn,15,800,20,16000,adafnn-n16000-lambda0.1-seed15,0.1,0.5013263078559431,0.0004681527797363,False
adafnn-n16000-seed15,adafnn,15,800,20,16000,adafnn-n16000-lambda1-seed15,1.0,0.5013263078559431,0.0004681527797363,False
adafnn-n16000-seed16,adafnn,16,800,20,16000,adafnn-n16000-lambda0.0001-seed16,0.0001,0.5459974587745969,0.0018088798458932,False
adafnn-n16000-seed16,adafnn,16,800,20,16000,adafnn-n16000-lambda0.001-seed16,0.001,0.6955534902666767,0.003906329248284,False
adafnn-n16000-seed16,adafnn,16,800,20,16000,adafnn-n16000-lambda0.01-seed16,0.01,0.7498256888258593,0.0058258588032553,True
adafnn-n16000-seed16,adafnn,16,800,20,16000,adafnn-n16000-lambda0.1-seed16,0.1,0.5117311865976422,0.0008134483275298,False
adafnn-n16000-seed16,adafnn,16,800,20,16000,adafnn-n16000-lambda1-seed16,1.0,0.64696400454051,0.0024593994469322,False
adafnn-n16000-seed17,adafnn,17,800,20,16000,adafnn-n16000-lambda0.0001-seed17,0.0001,0.5371550104045538,0.0006286606220611,False
adafnn-n16000-seed17,adafnn,17,800,20,16000,adafnn-n16000-lambda0.001-seed17,0.001,0.5006593178482087,0.0007471358064087,False
adafnn-n16000-seed17,adafnn,17,800,20,16000,adafnn-n16000-lambda0.01-seed17,0.01,0.5479068407100199,0.0018075081085214,False
adafnn-n16000-seed17,adafnn,17,800,20,16000,adafnn-n16000-lambda0.1-seed17,0.1,0.6848522385748306,0.0033961666217707,True
adafnn-n16000-seed17,adafnn,17,800,20,16000,adafnn-n16000-lambda1-seed17,1.0,0.5209367082540229,0.0010003183799716,False
adafnn-n16000-seed18,adafnn,18,800,20,16000,adafnn-n16000-lambda0.0001-seed18,0.0001,0.5026910325689903,0.0004770787642459,False
adafnn-n16000-seed18,adafnn,18,800,20,16000,adafnn-n16000-lambda0.001-seed18,0.001,0.5469845284878984,0.0018648588980595,True
adafnn-n16000-seed18,adafnn,18,800,20,16000,adafnn-n16000-lambda0.01-seed18,0.01,0.5032125074233049,0.0005932494638843,False
adafnn-n16000-seed18,adafnn,18,800,20,16000,adafnn-n16000-lambda0.1-seed18,0.1,0.5112211159646175,0.0009503171134298,False
adafnn-n16000-seed18,adafnn,18,800,20,16000,adafnn-n16000-lambda1-seed18,1.0,0.4989989253801442,0.0003749059485701,False
adafnn-n16000-seed19,adafnn,19,800,20,16000,adafnn-n16000-lambda0.0001-seed19,0.0001,0.5487813743457752,0.0019177372525135,False
adafnn-n16000-seed19,adafnn,19,800,20,16000,adafnn-n16000-lambda0.001-seed19,0.001,0.5446785870130867,0.0005152211898981,False
adafnn-n16000-seed19,adafnn,19,800,20,16000,adafnn-n16000-lambda0.01-seed19,0.01,0.67659706654672,0.0033822863639081,True
adafnn-n16000-seed19,adafnn,19,800,20,16000,adafnn-n16000-lambda0.1-seed19,0.1,0.548025552895617,0.0004702607283022,False
adafnn-n16000-seed19,adafnn,19,800,20,16000,adafnn-n16000-lambda1-seed19,1.0,0.5487813743457752,0.0019177372525135,False
adafnn-n32000-seed00,adafnn,0,1600,20,32000,adafnn-n32000-lambda0.0001-seed00,0.0001,0.6237500689905563,0.0032809390799274,True
adafnn-n32000-seed00,adafnn,0,1600,20,32000,adafnn-n32000-lambda0.001-seed00,0.001,0.6064449355678776,0.0008169453911432,False
adafnn-n32000-seed00,adafnn,0,1600,20,32000,adafnn-n32000-lambda0.01-seed00,0.01,0.546683105962029,0.001848600751213,False
adafnn-n32000-seed00,adafnn,0,1600,20,32000,adafnn-n32000-lambda0.1-seed00,0.1,0.5257183760899753,0.0008079656532171,False
adafnn-n32000-seed00,adafnn,0,1600,20,32000,adafnn-n32000-lambda1-seed00,1.0,0.5509350215490556,0.0017018011906444,False
adafnn-n32000-seed01,adafnn,1,1600,20,32000,adafnn-n32000-lambda0.0001-seed01,0.0001,0.6020061708100315,0.0012248197257566,False
adafnn-n32000-seed01,adafnn,1,1600,20,32000,adafnn-n32000-lambda0.001-seed01,0.001,0.5891248656034784,0.0011201581244437,False
adafnn-n32000-seed01,adafnn,1,1600,20,32000,adafnn-n32000-lambda0.01-seed01,0.01,0.620669414859193,0.0010286677219284,True
adafnn-n32000-seed01,adafnn,1,1600,20,32000,adafnn-n32000-lambda0.1-seed01,0.1,0.5499241295033608,0.0005807897443839,False
adafnn-n32000-seed01,adafnn,1,1600,20,32000,adafnn-n32000-lambda1-seed01,1.0,0.5584860707487332,0.0007034202091814,False
adafnn-n32000-seed02,adafnn,2,1600,20,32000,adafnn-n32000-lambda0.0001-seed02,0.0001,0.7754562733202899,0.0010714847726838,True
adafnn-n32000-seed02,adafnn,2,1600,20,32000,adafnn-n32000-lambda0.001-seed02,0.001,0.5437345932510919,0.001735584600872,False
adafnn-n32000-seed02,adafnn,2,1600,20,32000,adafnn-n32000-lambda0.01-seed02,0.01,0.6993543139200434,0.0038107164918057,False
adafnn-n32000-seed02,adafnn,2,1600,20,32000,adafnn-n32000-lambda0.1-seed02,0.1,0.5149845132698281,0.0008740141963495,False
adafnn-n32000-seed02,adafnn,2,1600,20,32000,adafnn-n32000-lambda1-seed02,1.0,0.6515007260993773,0.0025298412764323,False
adafnn-n32000-seed03,adafnn,3,1600,20,32000,adafnn-n32000-lambda0.0001-seed03,0.0001,0.7356072994805731,0.0032088295098315,True
adafnn-n32000-seed03,adafnn,3,1600,20,32000,adafnn-n32000-lambda0.001-seed03,0.001,0.5149838819059961,0.0008585571798677,False
adafnn-n32000-seed03,adafnn,3,1600,20,32000,adafnn-n32000-lambda0.01-seed03,0.01,0.6669191510191119,0.0028808724714819,False
adafnn-n32000-seed03,adafnn,3,1600,20,32000,adafnn-n32000-lambda0.1-seed03,0.1,0.6714671489229295,0.0030945414523254,False
adafnn-n32000-seed03,adafnn,3,1600,20,32000,adafnn-n32000-lambda1-seed03,1.0,0.5050593930469908,0.0006964791116954,False
adafnn-n32000-seed04,adafnn,4,1600,20,32000,adafnn-n32000-lambda0.0001-seed04,0.0001,0.6711234643771752,0.0030542288395912,True
adafnn-n32000-seed04,adafnn,4,1600,20,32000,adafnn-n32000-lambda0.001-seed04,0.001,0.6704201988949472,0.0030464015087434,False
adafnn-n32000-seed04,adafnn,4,1600,20,32000,adafnn-n32000-lambda0.01-seed04,0.01,0.67067756719152,0.0030377470446402,False
adafnn-n32000-seed04,adafnn,4,1600,20,32000,adafnn-n32000-lambda0.1-seed04,0.1,0.5994001468569383,0.0011825790714188,False
adafnn-n32000-seed04,adafnn,4,1600,20,32000,adafnn-n32000-lambda1-seed04,1.0,0.6589057603878621,0.0027937202708895,False
adafnn-n32000-seed05,adafnn,5,1600,20,32000,adafnn-n32000-lambda0.0001-seed05,0.0001,0.6828824112976579,0.0033565563875525,False
adafnn-n32000-seed05,adafnn,5,1600,20,32000,adafnn-n32000-lambda0.001-seed05,0.001,0.6924385656776735,0.0036474576411596,True
adafnn-n32000-seed05,adafnn,5,1600,20,32000,adafnn-n32000-lambda0.01-seed05,0.01,0.5129947113240416,0.0007948341854827,False
adafnn-n32000-seed05,adafnn,5,1600,20,32000,adafnn-n32000-lambda0.1-seed05,0.1,0.5251439194827217,0.0008989975164716,False
adafnn-n32000-seed05,adafnn,5,1600,20,32000,adafnn-n32000-lambda1-seed05,1.0,0.6559995201575077,0.002714034385989,False
adafnn-n32000-seed06,adafnn,6,1600,20,32000,adafnn-n32000-lambda0.0001-seed06,0.0001,0.6665079950402634,0.0026326352981983,False
adafnn-n32000-seed06,adafnn,6,1600,20,32000,adafnn-n32000-lambda0.001-seed06,0.001,0.657759710332562,0.0026181822759234,False
adafnn-n32000-seed06,adafnn,6,1600,20,32000,adafnn-n32000-lambda0.01-seed06,0.01,0.6687732406596972,0.0029433992668639,True
adafnn-n32000-seed06,adafnn,6,1600,20,32000,adafnn-n32000-lambda0.1-seed06,0.1,0.5521587139240911,0.0005902536990438,False
adafnn-n32000-seed06,adafnn,6,1600,20,32000,adafnn-n32000-lambda1-seed06,1.0,0.5669869438669243,0.0008419851207558,False
adafnn-n32000-seed07,adafnn,7,1600,20,32000,adafnn-n32000-lambda0.0001-seed07,0.0001,0.5193790867984209,0.0008530984968496,False
adafnn-n32000-seed07,adafnn,7,1600,20,32000,adafnn-n32000-lambda0.001-seed07,0.001,0.6881879523249339,0.0038360869936357,False
adafnn-n32000-seed07,adafnn,7,1600,20,32000,adafnn-n32000-lambda0.01-seed07,0.01,0.5263997483685512,0.0009968347968996,False
adafnn-n32000-seed07,adafnn,7,1600,20,32000,adafnn-n32000-lambda0.1-seed07,0.1,0.7498627359872075,0.0057671540328691,True
adafnn-n32000-seed07,adafnn,7,1600,20,32000,adafnn-n32000-lambda1-seed07,1.0,0.6200772430556499,0.0016110034754174,False
adafnn-n32000-seed08,adafnn,8,1600,20,32000,adafnn-n32000-lambda0.0001-seed08,0.0001,0.5509599490234767,0.0018632543916951,False
adafnn-n32000-seed08,adafnn,8,1600,20,32000,adafnn-n32000-lambda0.001-seed08,0.001,0.5530005446466014,0.0018128288998565,False
adafnn-n32000-seed08,adafnn,8,1600,20,32000,adafnn-n32000-lambda0.01-seed08,0.01,0.5681504804860196,0.0006934390617158,True
adafnn-n32000-seed08,adafnn,8,1600,20,32000,adafnn-n32000-lambda0.1-seed08,0.1,0.5064139110975768,0.0007897524370037,False
adafnn-n32000-seed08,adafnn,8,1600,20,32000,adafnn-n32000-lambda1-seed08,1.0,0.5552769608526599,0.0013167655200349,False
adafnn-n32000-seed09,adafnn,9,1600,20,32000,adafnn-n32000-lambda0.0001-seed09,0.0001,0.6679264102509922,0.0029204399990058,True
adafnn-n32000-seed09,adafnn,9,1600,20,32000,adafnn-n32000-lambda0.001-seed09,0.001,0.6444207312858614,0.0021858555693994,False
adafnn-n32000-seed09,adafnn,9,1600,20,32000,adafnn-n32000-lambda0.01-seed09,0.01,0.6610007833298325,0.0026823895432932,False
adafnn-n32000-seed09,adafnn,9,1600,20,32000,adafnn-n32000-lambda0.1-seed09,0.1,0.5794239512084617,0.0009098628080397,False
adafnn-n32000-seed09,adafnn,9,1600,20,32000,adafnn-n32000-lambda1-seed09,1.0,0.5794239512084617,0.0009098628080397,False
adafnn-n32000-seed10,adafnn,10,1600,20,32000,adafnn-n32000-lambda0.0001-seed10,0.0001,0.6531224106864589,0.0024602476423474,False
adafnn-n32000-seed10,adafnn,10,1600,20,32000,adafnn-n32000-lambda0.001-seed10,0.001,0.8024609349566504,0.0014391618451139,True
adafnn-n32000-seed10,adafnn,10,1600,20,32000,adafnn-n32000-lambda0.01-seed10,0.01,0.6700102435008709,0.0030339590703272,False
adafnn-n32000-seed10,adafnn,10,1600,20,32000,adafnn-n32000-lambda0.1-seed10,0.1,0.6368641419988437,0.0021337680922362,False
adafnn-n32000-seed10,adafnn,10,1600,20,32000,adafnn-n32000-lambda1-seed10,1.0,0.6353920159437743,0.0021508250285867,False
adafnn-n32000-seed11,adafnn,11,1600,20,32000,adafnn-n32000-lambda0.0001-seed11,0.0001,0.7071765221351177,0.0031497156668057,False
adafnn-n32000-seed11,adafnn,11,1600,20,32000,adafnn-n32000-lambda0.001-seed11,0.001,0.7966093574343046,0.0026103009916357,True
adafnn-n32000-seed11,adafnn,11,1600,20,32000,adafnn-n32000-lambda0.01-seed11,0.01,0.6670258642580508,0.0029937050897709,False
adafnn-n32000-seed11,adafnn,11,1600,20,32000,adafnn-n32000-lambda0.1-seed11,0.1,0.551830771229053,0.0019140816428128,False
adafnn-n32000-seed11,adafnn,11,1600,20,32000,adafnn-n32000-lambda1-seed11,1.0,0.551830771229053,0.0019140816428128,False
adafnn-n32000-seed12,adafnn,12,1600,20,32000,adafnn-n32000-lambda0.0001-seed12,0.0001,0.7427023665194813,0.0012295012937132,True
adafnn-n32000-seed12,adafnn,12,1600,20,32000,adafnn-n32000-lambda0.001-seed12,0.001,0.6069089685691901,0.0015898656694721,False
adafnn-n32000-seed12,adafnn,12,1600,20,32000,adafnn-n32000-lambda0.01-seed12,0.01,0.5600914008877866,0.0006972132847761,False
adafnn-n32000-seed12,adafnn,12,1600,20,32000,adafnn-n32000-lambda0.1-seed12,0.1,0.5600914008877866,0.0006972132847761,False
adafnn-n32000-seed12,adafnn,12,1600,20,32000,adafnn-n32000-lambda1-seed12,1.0,0.5600914008877866,0.0006972132847761,False
adafnn-n32000-seed13,adafnn,13,1600,20,32000,adafnn-n32000-lambda0.0001-seed13,0.0001,0.7217960067005372,0.0030289720748722,True
adafnn-n32000-seed13,adafnn,13,1600,20,32000,adafnn-n32000-lambda0.001-seed13,0.001,0.687829941536008,0.0033350064492132,False
adafnn-n32000-seed13,adafnn,13,1600,20,32000,adafnn-n32000-lambda0.01-seed13,0.01,0.6890757816037306,0.003350427045935,False
adafnn-n32000-seed13,adafnn,13,1600,20,32000,adafnn-n32000-lambda0.1-seed13,0.1,0.7122230499599445,0.0041241387681413,False
adafnn-n32000-seed13,adafnn,13,1600,20,32000,adafnn-n32000-lambda1-seed13,1.0,0.5039528181547168,0.0004962562649506,False
adafnn-n32000-seed14,adafnn,14,1600,20,32000,adafnn-n32000-lambda0.0001-seed14,0.0001,0.68542130264307,0.0034119484290623,False
adafnn-n32000-seed14,adafnn,14,1600,20,32000,adafnn-n32000-lambda0.001-seed14,0.001,0.7074453921753954,0.0040164989717772,False
adafnn-n32000-seed14,adafnn,14,1600,20,32000,adafnn-n32000-lambda0.01-seed14,0.01,0.7427431941221491,0.0053731625804687,True
adafnn-n32000-seed14,adafnn,14,1600,20,32000,adafnn-n32000-lambda0.1-seed14,0.1,0.6734069418566344,0.0031684579971838,False
adafnn-n32000-seed14,adafnn,14,1600,20,32000,adafnn-n32000-lambda1-seed14,1.0,0.5069099042695936,0.0007014922975096,False
adafnn-n32000-seed15,adafnn,15,1600,20,32000,adafnn-n32000-lambda0.0001-seed15,0.0001,0.7893252741268512,0.0031891910566698,True
adafnn-n32000-seed15,adafnn,15,1600,20,32000,adafnn-n32000-lambda0.001-seed15,0.001,0.7603461237235192,0.0018713566607454,False
adafnn-n32000-seed15,adafnn,15,1600,20,32000,adafnn-n32000-lambda0.01-seed15,0.01,0.6684623545708789,0.0030804418898825,False
adafnn-n32000-seed15,adafnn,15,1600,20,32000,adafnn-n32000-lambda0.1-seed15,0.1,0.6272897059708984,0.0018477975535663,False
adafnn-n32000-seed15,adafnn,15,1600,20,32000,adafnn-n32000-lambda1-seed15,1.0,0.6552502608313059,0.0028019453598361,False
adafnn-n32000-seed16,adafnn,16,1600,20,32000,adafnn-n32000-lambda0.0001-seed16,0.0001,0.6521807751932206,0.0025478384798305,False
adafnn-n32000-seed16,adafnn,16,1600,20,32000,adafnn-n32000-lambda0.001-seed16,0.001,0.6598871833427368,0.0028127949482733,False
adafnn-n32000-seed16,adafnn,16,1600,20,32000,adafnn-n32000-lambda0.01-seed16,0.01,0.6627064742485693,0.0029135332244536,True
adafnn-n32000-seed16,adafnn,16,1600,20,32000,adafnn-n32000-lambda0.1-seed16,0.1,0.6597698396843851,0.0028079665163789,False
adafnn-n32000-seed16,adafnn,16,1600,20,32000,adafnn-n32000-lambda1-seed16,1.0,0.6393602717128063,0.0023468703247758,False
adafnn-n32000-seed17,adafnn,17,1600,20,32000,adafnn-n32000-lambda0.0001-seed17,0.0001,0.522994770323574,0.0007866825635312,False
adafnn-n32000-seed17,adafnn,17,1600,20,32000,adafnn-n32000-lambda0.001-seed17,0.001,0.5392393911497264,0.0005997770743535,False
adafnn-n32000-seed17,adafnn,17,1600,20,32000,adafnn-n32000-lambda0.01-seed17,0.01,0.5371614498846902,0.0006567570256169,False
adafnn-n32000-seed17,adafnn,17,1600,20,32000,adafnn-n32000-lambda0.1-seed17,0.1,0.5199415940410647,0.0008343053818884,False
adafnn-n32000-seed17,adafnn,17,1600,20,32000,adafnn-n32000-lambda1-seed17,1.0,0.5475040418317177,0.0004994185987205,True
adafnn-n32000-seed18,adafnn,18,1600,20,32000,adafnn-n32000-lambda0.0001-seed18,0.0001,0.7497170190689699,0.0026254135616076,True
adafnn-n32000-seed18,adafnn,18,1600,20,32000,adafnn-n32000-lambda0.001-seed18,0.001,0.726704572784628,0.002851845631262,False
adafnn-n32000-seed18,adafnn,18,1600,20,32000,adafnn-n32000-lambda0.01-seed18,0.01,0.7348779885092618,0.0031337583993228,False
adafnn-n32000-seed18,adafnn,18,1600,20,32000,adafnn-n32000-lambda0.1-seed18,0.1,0.6686686545829362,0.0029538429544529,False
adafnn-n32000-seed18,adafnn,18,1600,20,32000,adafnn-n32000-lambda1-seed18,1.0,0.613292227968856,0.0017881154925625,False
adafnn-n32000-seed19,adafnn,19,1600,20,32000,adafnn-n32000-lambda0.0001-seed19,0.0001,0.5082310983620772,0.0008397743514452,False
adafnn-n32000-seed19,adafnn,19,1600,20,32000,adafnn-n32000-lambda0.001-seed19,0.001,0.6529427283020608,0.0026277883737082,False
adafnn-n32000-seed19,adafnn,19,1600,20,32000,adafnn-n32000-lambda0.01-seed19,0.01,0.7350263183197866,0.005444427236624,True
adafnn-n32000-seed19,adafnn,19,1600,20,32000,adafnn-n32000-lambda0.1-seed19,0.1,0.4961409954797873,0.000364968182444,False
adafnn-n32000-seed19,adafnn,19,1600,20,32000,adafnn-n32000-lambda1-seed19,1.0,0.5744075335328978,0.0007176978970957,False
krr-n2000-seed00,nystrom_krr,0,100,20,2000,krr-n2000-lambda0.0001-seed00,0.0001,0.6973304505076171,0.0012558531882944,False
krr-n2000-seed00,nystrom_krr,0,100,20,2000,krr-n2000-lambda0.001-seed00,0.001,0.7117127602382084,0.0013002611189134,True
krr-n2000-seed00,nystrom_krr,0,100,20,2000,krr-n2000-lambda0.01-seed00,0.01,0.681107660157021,0.0011129570267945,False
krr-n2000-seed00,nystrom_krr,0,100,20,2000,krr-n2000-lambda0.1-seed00,0.1,0.6990649509579806,0.0012568242161193,False
krr-n2000-seed00,nystrom_krr,0,100,20,2000,krr-n2000-lambda1-seed00,1.0,0.6967549467574877,0.0012218401577653,False
krr-n2000-seed01,nystrom_krr,1,100,20,2000,krr-n2000-lambda0.0001-seed01,0.0001,0.7175211699715309,0.0012965405690089,True
krr-n2000-seed01,nystrom_krr,1,100,20,2000,krr-n2000-lambda0.001-seed01,0.001,0.7170579871874143,0.001298760641848,False
krr-n2000-seed01,nystrom_krr,1,100,20,2000,krr-n2000-lambda0.01-seed01,0.01,0.7138036507915981,0.0011986338749208,False
krr-n2000-seed01,nystrom_krr,1,100,20,2000,krr-n2000-lambda0.1-seed01,0.1,0.7063252130943968,0.0012817145860675,False
krr-n2000-seed01,nystrom_krr,1,100,20,2000,krr-n2000-lambda1-seed01,1.0,0.7030482062371411,0.0012070978105663,False
krr-n2000-seed02,nystrom_krr,2,100,20,2000,krr-n2000-lambda0.0001-seed02,0.0001,0.7105162482384324,0.0011987227656203,False
krr-n2000-seed02,nystrom_krr,2,100,20,2000,krr-n2000-lambda0.001-seed02,0.001,0.7130027052528096,0.0012700251649877,False
krr-n2000-seed02,nystrom_krr,2,100,20,2000,krr-n2000-lambda0.01-seed02,0.01,0.713330616454504,0.0011633901612718,False
krr-n2000-seed02,nystrom_krr,2,100,20,2000,krr-n2000-lambda0.1-seed02,0.1,0.7149431102300112,0.0012905687827013,True
krr-n2000-seed02,nystrom_krr,2,100,20,2000,krr-n2000-lambda1-seed02,1.0,0.6980016858198393,0.0018869073397991,False
krr-n2000-seed03,nystrom_krr,3,100,20,2000,krr-n2000-lambda0.0001-seed03,0.0001,0.7210345270352675,0.0014113622540543,False
krr-n2000-seed03,nystrom_krr,3,100,20,2000,krr-n2000-lambda0.001-seed03,0.001,0.7209003299811741,0.0014194043418533,False
krr-n2000-seed03,nystrom_krr,3,100,20,2000,krr-n2000-lambda0.01-seed03,0.01,0.7231035124633779,0.001448359103208,True
krr-n2000-seed03,nystrom_krr,3,100,20,2000,krr-n2000-lambda0.1-seed03,0.1,0.7201796833975704,0.0015060036105963,False
krr-n2000-seed03,nystrom_krr,3,100,20,2000,krr-n2000-lambda1-seed03,1.0,0.703659061767069,0.0014538557151704,False
krr-n2000-seed04,nystrom_krr,4,100,20,2000,krr-n2000-lambda0.0001-seed04,0.0001,0.6111692432657099,0.0007498533443506,False
krr-n2000-seed04,nystrom_krr,4,100,20,2000,krr-n2000-lambda0.001-seed04,0.001,0.6023660499990183,0.0005806242725987,False
krr-n2000-seed04,nystrom_krr,4,100,20,2000,krr-n2000-lambda0.01-seed04,0.01,0.6532082490823088,0.0007510437986983,False
krr-n2000-seed04,nystrom_krr,4,100,20,2000,krr-n2000-lambda0.1-seed04,0.1,0.6760910053712114,0.0008830543209211,False
krr-n2000-seed04,nystrom_krr,4,100,20,2000,krr-n2000-lambda1-seed04,1.0,0.6998274457744863,0.0011015680048397,True
krr-n2000-seed05,nystrom_krr,5,100,20,2000,krr-n2000-lambda0.0001-seed05,0.0001,0.7005550170511021,0.0012792720281001,True
krr-n2000-seed05,nystrom_krr,5,100,20,2000,krr-n2000-lambda0.001-seed05,0.001,0.6872669676335489,0.0012149159878693,False
krr-n2000-seed05,nystrom_krr,5,100,20,2000,krr-n2000-lambda0.01-seed05,0.01,0.6762644729351281,0.0011173504440399,False
krr-n2000-seed05,nystrom_krr,5,100,20,2000,krr-n2000-lambda0.1-seed05,0.1,0.6772243620095384,0.0011692850852756,False
krr-n2000-seed05,nystrom_krr,5,100,20,2000,krr-n2000-lambda1-seed05,1.0,0.6768962724856006,0.001846504510709,False
krr-n2000-seed06,nystrom_krr,6,100,20,2000,krr-n2000-lambda0.0001-seed06,0.0001,0.66471805702606,0.0017984946578406,False
krr-n2000-seed06,nystrom_krr,6,100,20,2000,krr-n2000-lambda0.001-seed06,0.001,0.7068102926040897,0.0024507338379906,True
krr-n2000-seed06,nystrom_krr,6,100,20,2000,krr-n2000-lambda0.01-seed06,0.01,0.6673162976141263,0.0014269367979271,False
krr-n2000-seed06,nystrom_krr,6,100,20,2000,krr-n2000-lambda0.1-seed06,0.1,0.685577451909288,0.0013997449760125,False
krr-n2000-seed06,nystrom_krr,6,100,20,2000,krr-n2000-lambda1-seed06,1.0,0.6817665090496038,0.0014374543037278,False
krr-n2000-seed07,nystrom_krr,7,100,20,2000,krr-n2000-lambda0.0001-seed07,0.0001,0.7002011844976087,0.0011152035057797,False
krr-n2000-seed07,nystrom_krr,7,100,20,2000,krr-n2000-lambda0.001-seed07,0.001,0.7152164065939616,0.0012538611606292,False
krr-n2000-seed07,nystrom_krr,7,100,20,2000,krr-n2000-lambda0.01-seed07,0.01,0.689140791701506,0.0009459127548554,False
krr-n2000-seed07,nystrom_krr,7,100,20,2000,krr-n2000-lambda0.1-seed07,0.1,0.7022557789894143,0.0007611873069718,False
krr-n2000-seed07,nystrom_krr,7,100,20,2000,krr-n2000-lambda1-seed07,1.0,0.7220934913438287,0.0011008343338968,True
krr-n2000-seed08,nystrom_krr,8,100,20,2000,krr-n2000-lambda0.0001-seed08,0.0001,0.7038595270191845,0.0012954481895868,False
krr-n2000-seed08,nystrom_krr,8,100,20,2000,krr-n2000-lambda0.001-seed08,0.001,0.702691364305184,0.0013611655127785,False
krr-n2000-seed08,nystrom_krr,8,100,20,2000,krr-n2000-lambda0.01-seed08,0.01,0.7055743618949175,0.0014636893096662,False
krr-n2000-seed08,nystrom_krr,8,100,20,2000,krr-n2000-lambda0.1-seed08,0.1,0.7087066209245861,0.0013627139436262,True
krr-n2000-seed08,nystrom_krr,8,100,20,2000,krr-n2000-lambda1-seed08,1.0,0.6855252717346123,0.0012878017134058,False
krr-n2000-seed09,nystrom_krr,9,100,20,2000,krr-n2000-lambda0.0001-seed09,0.0001,0.6958742276368123,0.0008557772784176,True
krr-n2000-seed09,nystrom_krr,9,100,20,2000,krr-n2000-lambda0.001-seed09,0.001,0.683175863966367,0.0008083237463103,False
krr-n2000-seed09,nystrom_krr,9,100,20,2000,krr-n2000-lambda0.01-seed09,0.01,0.6903236684456276,0.0007767280706826,False
krr-n2000-seed09,nystrom_krr,9,100,20,2000,krr-n2000-lambda0.1-seed09,0.1,0.6898158044139925,0.0009032842748223,False
krr-n2000-seed09,nystrom_krr,9,100,20,2000,krr-n2000-lambda1-seed09,1.0,0.6739231913123692,0.0012792444183295,False
krr-n2000-seed10,nystrom_krr,10,100,20,2000,krr-n2000-lambda0.0001-seed10,0.0001,0.6611845873072987,0.0010940402648312,False
krr-n2000-seed10,nystrom_krr,10,100,20,2000,krr-n2000-lambda0.001-seed10,0.001,0.6395393563588263,0.0017451832598792,False
krr-n2000-seed10,nystrom_krr,10,100,20,2000,krr-n2000-lambda0.01-seed10,0.01,0.6818420410897985,0.0015138979301041,False
krr-n2000-seed10,nystrom_krr,10,100,20,2000,krr-n2000-lambda0.1-seed10,0.1,0.6908076921948306,0.0011641044638856,False
krr-n2000-seed10,nystrom_krr,10,100,20,2000,krr-n2000-lambda1-seed10,1.0,0.6962328387761774,0.0013381566314994,True
krr-n2000-seed11,nystrom_krr,11,100,20,2000,krr-n2000-lambda0.0001-seed11,0.0001,0.7142088535811577,0.0010368537906983,True
krr-n2000-seed11,nystrom_krr,11,100,20,2000,krr-n2000-lambda0.001-seed11,0.001,0.695680128865721,0.0009959312504283,False
krr-n2000-seed11,nystrom_krr,11,100,20,2000,krr-n2000-lambda0.01-seed11,0.01,0.6926164480570454,0.0014138756385361,False
krr-n2000-seed11,nystrom_krr,11,100,20,2000,krr-n2000-lambda0.1-seed11,0.1,0.6911273624416429,0.0014145469825228,False
krr-n2000-seed11,nystrom_krr,11,100,20,2000,krr-n2000-lambda1-seed11,1.0,0.7037588746572399,0.0011773426672777,False
krr-n2000-seed12,nystrom_krr,12,100,20,2000,krr-n2000-lambda0.0001-seed12,0.0001,0.7042373559412997,0.0012852742884179,True
krr-n2000-seed12,nystrom_krr,12,100,20,2000,krr-n2000-lambda0.001-seed12,0.001,0.6895963718783857,0.0011542554393294,False
krr-n2000-seed12,nystrom_krr,12,100,20,2000,krr-n2000-lambda0.01-seed12,0.01,0.6837062697089246,0.0014608118328298,False
krr-n2000-seed12,nystrom_krr,12,100,20,2000,krr-n2000-lambda0.1-seed12,0.1,0.6996643044839357,0.0013437695923604,False
krr-n2000-seed12,nystrom_krr,12,100,20,2000,krr-n2000-lambda1-seed12,1.0,0.6976322720331926,0.0016389622162585,False
krr-n2000-seed13,nystrom_krr,13,100,20,2000,krr-n2000-lambda0.0001-seed13,0.0001,0.7115552438507509,0.0010123857826373,False
krr-n2000-seed13,nystrom_krr,13,100,20,2000,krr-n2000-lambda0.001-seed13,0.001,0.7167151592658577,0.0010064092305454,True
krr-n2000-seed13,nystrom_krr,13,100,20,2000,krr-n2000-lambda0.01-seed13,0.01,0.7055396932768055,0.0010016059866257,False
krr-n2000-seed13,nystrom_krr,13,100,20,2000,krr-n2000-lambda0.1-seed13,0.1,0.6984810046129514,0.0011989131659435,False
krr-n2000-seed13,nystrom_krr,13,100,20,2000,krr-n2000-lambda1-seed13,1.0,0.6970930182019852,0.0013020253225585,False
krr-n2000-seed14,nystrom_krr,14,100,20,2000,krr-n2000-lambda0.0001-seed14,0.0001,0.697388124683923,0.0015016192673428,False
krr-n2000-seed14,nystrom_krr,14,100,20,2000,krr-n2000-lambda0.001-seed14,0.001,0.6972438885475356,0.0015044048364565,False
krr-n2000-seed14,nystrom_krr,14,100,20,2000,krr-n2000-lambda0.01-seed14,0.01,0.7053553223836627,0.0015324200035312,True
krr-n2000-seed14,nystrom_krr,14,100,20,2000,krr-n2000-lambda0.1-seed14,0.1,0.6981303631931453,0.0015963634392869,False
krr-n2000-seed14,nystrom_krr,14,100,20,2000,krr-n2000-lambda1-seed14,1.0,0.7039243055778115,0.0015090350441041,False
krr-n2000-seed15,nystrom_krr,15,100,20,2000,krr-n2000-lambda0.0001-seed15,0.0001,0.6914345232958501,0.0012243810069998,False
krr-n2000-seed15,nystrom_krr,15,100,20,2000,krr-n2000-lambda0.001-seed15,0.001,0.6800586992406352,0.0011083758412615,False
krr-n2000-seed15,nystrom_krr,15,100,20,2000,krr-n2000-lambda0.01-seed15,0.01,0.6961674922431305,0.0011073888874458,True
krr-n2000-seed15,nystrom_krr,15,100,20,2000,krr-n2000-lambda0.1-seed15,0.1,0.6806939635234684,0.0014121880890286,False
krr-n2000-seed15,nystrom_krr,15,100,20,2000,krr-n2000-lambda1-seed15,1.0,0.6821525378338156,0.0013051615077516,False
krr-n2000-seed16,nystrom_krr,16,100,20,2000,krr-n2000-lambda0.0001-seed16,0.0001,0.704489756765727,0.0011417700392753,False
krr-n2000-seed16,nystrom_krr,16,100,20,2000,krr-n2000-lambda0.001-seed16,0.001,0.6958283469613031,0.0010154131883608,False
krr-n2000-seed16,nystrom_krr,16,100,20,2000,krr-n2000-lambda0.01-seed16,0.01,0.7087088370782886,0.0011095989293111,False
krr-n2000-seed16,nystrom_krr,16,100,20,2000,krr-n2000-lambda0.1-seed16,0.1,0.686668643383638,0.0010380195840402,False
krr-n2000-seed16,nystrom_krr,16,100,20,2000,krr-n2000-lambda1-seed16,1.0,0.7202837370543546,0.0012255277270997,True
krr-n2000-seed17,nystrom_krr,17,100,20,2000,krr-n2000-lambda0.0001-seed17,0.0001,0.7057496754234283,0.0010110013504387,False
krr-n2000-seed17,nystrom_krr,17,100,20,2000,krr-n2000-lambda0.001-seed17,0.001,0.7067045688908886,0.000986187541019,False
krr-n2000-seed17,nystrom_krr,17,100,20,2000,krr-n2000-lambda0.01-seed17,0.01,0.6830509420653695,0.0010317942809711,False
krr-n2000-seed17,nystrom_krr,17,100,20,2000,krr-n2000-lambda0.1-seed17,0.1,0.7125924444356997,0.0009330000235746,True
krr-n2000-seed17,nystrom_krr,17,100,20,2000,krr-n2000-lambda1-seed17,1.0,0.7001251807283476,0.0009327900426961,False
krr-n2000-seed18,nystrom_krr,18,100,20,2000,krr-n2000-lambda0.0001-seed18,0.0001,0.5336039733700623,0.0004779449962099,False
krr-n2000-seed18,nystrom_krr,18,100,20,2000,krr-n2000-lambda0.001-seed18,0.001,0.5860492775736127,0.0005551077881635,False
krr-n2000-seed18,nystrom_krr,18,100,20,2000,krr-n2000-lambda0.01-seed18,0.01,0.7214509923311846,0.0010154583619268,True
krr-n2000-seed18,nystrom_krr,18,100,20,2000,krr-n2000-lambda0.1-seed18,0.1,0.69120038651229,0.0015707405041378,False
krr-n2000-seed18,nystrom_krr,18,100,20,2000,krr-n2000-lambda1-seed18,1.0,0.6804218736658766,0.0018561338331149,False
krr-n2000-seed19,nystrom_krr,19,100,20,2000,krr-n2000-lambda0.0001-seed19,0.0001,0.7133836901577638,0.0010772846319769,False
krr-n2000-seed19,nystrom_krr,19,100,20,2000,krr-n2000-lambda0.001-seed19,0.001,0.7170535266546867,0.0012730718242874,True
krr-n2000-seed19,nystrom_krr,19,100,20,2000,krr-n2000-lambda0.01-seed19,0.01,0.6536784739737054,0.0013686747126256,False
krr-n2000-seed19,nystrom_krr,19,100,20,2000,krr-n2000-lambda0.1-seed19,0.1,0.6896952291281265,0.001037142129837,False
krr-n2000-seed19,nystrom_krr,19,100,20,2000,krr-n2000-lambda1-seed19,1.0,0.6858727658765523,0.0017128286654744,False
krr-n4000-seed00,nystrom_krr,0,200,20,4000,krr-n4000-lambda0.0001-seed00,0.0001,0.6620469326261393,0.0015466518831873,False
krr-n4000-seed00,nystrom_krr,0,200,20,4000,krr-n4000-lambda0.001-seed00,0.001,0.5864688963711278,0.0026340550846383,False
krr-n4000-seed00,nystrom_krr,0,200,20,4000,krr-n4000-lambda0.01-seed00,0.01,0.6242091113460082,0.001625689073381,False
krr-n4000-seed00,nystrom_krr,0,200,20,4000,krr-n4000-lambda0.1-seed00,0.1,0.6413989370044563,0.0021188794282375,False
krr-n4000-seed00,nystrom_krr,0,200,20,4000,krr-n4000-lambda1-seed00,1.0,0.6808517219683295,0.0009619988642824,True
krr-n4000-seed01,nystrom_krr,1,200,20,4000,krr-n4000-lambda0.0001-seed01,0.0001,0.6716928122461553,0.0013114065097546,False
krr-n4000-seed01,nystrom_krr,1,200,20,4000,krr-n4000-lambda0.001-seed01,0.001,0.6342342969543409,0.0010093358157721,False
krr-n4000-seed01,nystrom_krr,1,200,20,4000,krr-n4000-lambda0.01-seed01,0.01,0.6070023841477721,0.0006692767472878,False
krr-n4000-seed01,nystrom_krr,1,200,20,4000,krr-n4000-lambda0.1-seed01,0.1,0.7130939030139031,0.0012076702486794,False
krr-n4000-seed01,nystrom_krr,1,200,20,4000,krr-n4000-lambda1-seed01,1.0,0.7145296084234289,0.0013566597515393,True
krr-n4000-seed02,nystrom_krr,2,200,20,4000,krr-n4000-lambda0.0001-seed02,0.0001,0.6821744524581647,0.0018937105588236,False
krr-n4000-seed02,nystrom_krr,2,200,20,4000,krr-n4000-lambda0.001-seed02,0.001,0.6671252132885093,0.0008428100390948,False
krr-n4000-seed02,nystrom_krr,2,200,20,4000,krr-n4000-lambda0.01-seed02,0.01,0.6886953776436595,0.0017622894229423,True
krr-n4000-seed02,nystrom_krr,2,200,20,4000,krr-n4000-lambda0.1-seed02,0.1,0.6767893847278965,0.0019213900044789,False
krr-n4000-seed02,nystrom_krr,2,200,20,4000,krr-n4000-lambda1-seed02,1.0,0.6400513409421865,0.0013809961575482,False
krr-n4000-seed03,nystrom_krr,3,200,20,4000,krr-n4000-lambda0.0001-seed03,0.0001,0.6975849925449424,0.0011759641507893,True
krr-n4000-seed03,nystrom_krr,3,200,20,4000,krr-n4000-lambda0.001-seed03,0.001,0.6430155771772555,0.0021341187808699,False
krr-n4000-seed03,nystrom_krr,3,200,20,4000,krr-n4000-lambda0.01-seed03,0.01,0.5846646589946026,0.0008117132490428,False
krr-n4000-seed03,nystrom_krr,3,200,20,4000,krr-n4000-lambda0.1-seed03,0.1,0.5954308233717217,0.0018502770697408,False
krr-n4000-seed03,nystrom_krr,3,200,20,4000,krr-n4000-lambda1-seed03,1.0,0.6638673446008229,0.001684864122268,False
krr-n4000-seed04,nystrom_krr,4,200,20,4000,krr-n4000-lambda0.0001-seed04,0.0001,0.5747863574311978,0.0013045486163873,False
krr-n4000-seed04,nystrom_krr,4,200,20,4000,krr-n4000-lambda0.001-seed04,0.001,0.7046866918432372,0.0010622588629476,True
krr-n4000-seed04,nystrom_krr,4,200,20,4000,krr-n4000-lambda0.01-seed04,0.01,0.5986782701519427,0.0007262412742065,False
krr-n4000-seed04,nystrom_krr,4,200,20,4000,krr-n4000-lambda0.1-seed04,0.1,0.6406590251209412,0.0014133313698387,False
krr-n4000-seed04,nystrom_krr,4,200,20,4000,krr-n4000-lambda1-seed04,1.0,0.7004051622429575,0.0016653848882318,False
krr-n4000-seed05,nystrom_krr,5,200,20,4000,krr-n4000-lambda0.0001-seed05,0.0001,0.7137123983678673,0.0018016465036228,False
krr-n4000-seed05,nystrom_krr,5,200,20,4000,krr-n4000-lambda0.001-seed05,0.001,0.5766812684218005,0.0011293668697114,False
krr-n4000-seed05,nystrom_krr,5,200,20,4000,krr-n4000-lambda0.01-seed05,0.01,0.7146764956400032,0.0010326947229431,True
krr-n4000-seed05,nystrom_krr,5,200,20,4000,krr-n4000-lambda0.1-seed05,0.1,0.5971764718427828,0.0007676910639078,False
krr-n4000-seed05,nystrom_krr,5,200,20,4000,krr-n4000-lambda1-seed05,1.0,0.712396270807822,0.0012629843921702,False
krr-n4000-seed06,nystrom_krr,6,200,20,4000,krr-n4000-lambda0.0001-seed06,0.0001,0.6342678784508052,0.002596762394061,False
krr-n4000-seed06,nystrom_krr,6,200,20,4000,krr-n4000-lambda0.001-seed06,0.001,0.631616485021118,0.0016796818194511,False
krr-n4000-seed06,nystrom_krr,6,200,20,4000,krr-n4000-lambda0.01-seed06,0.01,0.6713312664314258,0.0016478895273154,False
krr-n4000-seed06,nystrom_krr,6,200,20,4000,krr-n4000-lambda0.1-seed06,0.1,0.6944167759797369,0.001884063019361,True
krr-n4000-seed06,nystrom_krr,6,200,20,4000,krr-n4000-lambda1-seed06,1.0,0.6181912891836163,0.0015853577044873,False
krr-n4000-seed07,nystrom_krr,7,200,20,4000,krr-n4000-lambda0.0001-seed07,0.0001,0.6929766530804811,0.0024424565106735,False
krr-n4000-seed07,nystrom_krr,7,200,20,4000,krr-n4000-lambda0.001-seed07,0.001,0.6968674148235311,0.0022602102784776,False
krr-n4000-seed07,nystrom_krr,7,200,20,4000,krr-n4000-lambda0.01-seed07,0.01,0.7007060989139943,0.0013252501135106,True
krr-n4000-seed07,nystrom_krr,7,200,20,4000,krr-n4000-lambda0.1-seed07,0.1,0.6896197587375876,0.0019350670937704,False
krr-n4000-seed07,nystrom_krr,7,200,20,4000,krr-n4000-lambda1-seed07,1.0,0.6826598337342485,0.0020478882563545,False
krr-n4000-seed08,nystrom_krr,8,200,20,4000,krr-n4000-lambda0.0001-seed08,0.0001,0.6638505343137092,0.002096642019812,False
krr-n4000-seed08,nystrom_krr,8,200,20,4000,krr-n4000-lambda0.001-seed08,0.001,0.6586670594195013,0.0017776531325953,False
krr-n4000-seed08,nystrom_krr,8,200,20,4000,krr-n4000-lambda0.01-seed08,0.01,0.6694582302254065,0.0018285858293664,False
krr-n4000-seed08,nystrom_krr,8,200,20,4000,krr-n4000-lambda0.1-seed08,0.1,0.624486606830796,0.0023501767441227,False
krr-n4000-seed08,nystrom_krr,8,200,20,4000,krr-n4000-lambda1-seed08,1.0,0.7066070423227222,0.0013528719813196,True
krr-n4000-seed09,nystrom_krr,9,200,20,4000,krr-n4000-lambda0.0001-seed09,0.0001,0.6550593979789867,0.0028760147374637,False
krr-n4000-seed09,nystrom_krr,9,200,20,4000,krr-n4000-lambda0.001-seed09,0.001,0.6162965690020191,0.0012062716114026,False
krr-n4000-seed09,nystrom_krr,9,200,20,4000,krr-n4000-lambda0.01-seed09,0.01,0.6631311706928154,0.002496646708655,True
krr-n4000-seed09,nystrom_krr,9,200,20,4000,krr-n4000-lambda0.1-seed09,0.1,0.6457424018891211,0.0014434466789617,False
krr-n4000-seed09,nystrom_krr,9,200,20,4000,krr-n4000-lambda1-seed09,1.0,0.6468632443897125,0.0009826510099379,False
krr-n4000-seed10,nystrom_krr,10,200,20,4000,krr-n4000-lambda0.0001-seed10,0.0001,0.69535393500482,0.0009821361089216,False
krr-n4000-seed10,nystrom_krr,10,200,20,4000,krr-n4000-lambda0.001-seed10,0.001,0.694961724301502,0.0009514088741657,False
krr-n4000-seed10,nystrom_krr,10,200,20,4000,krr-n4000-lambda0.01-seed10,0.01,0.6325589981269267,0.0010901106425664,False
krr-n4000-seed10,nystrom_krr,10,200,20,4000,krr-n4000-lambda0.1-seed10,0.1,0.7082823569158313,0.0013130514250135,True
krr-n4000-seed10,nystrom_krr,10,200,20,4000,krr-n4000-lambda1-seed10,1.0,0.6845718893251946,0.0013940135965288,False
krr-n4000-seed11,nystrom_krr,11,200,20,4000,krr-n4000-lambda0.0001-seed11,0.0001,0.6872289618396469,0.0023414355404082,False
krr-n4000-seed11,nystrom_krr,11,200,20,4000,krr-n4000-lambda0.001-seed11,0.001,0.7063303718020078,0.00204933918026,True
krr-n4000-seed11,nystrom_krr,11,200,20,4000,krr-n4000-lambda0.01-seed11,0.01,0.6718031063950483,0.0014643306775715,False
krr-n4000-seed11,nystrom_krr,11,200,20,4000,krr-n4000-lambda0.1-seed11,0.1,0.6959955112885081,0.0018510282633016,False
krr-n4000-seed11,nystrom_krr,11,200,20,4000,krr-n4000-lambda1-seed11,1.0,0.6531330571229834,0.0020492254895067,False
krr-n4000-seed12,nystrom_krr,12,200,20,4000,krr-n4000-lambda0.0001-seed12,0.0001,0.6721115579702761,0.0013792192177038,False
krr-n4000-seed12,nystrom_krr,12,200,20,4000,krr-n4000-lambda0.001-seed12,0.001,0.6430162824854645,0.0013523191254025,False
krr-n4000-seed12,nystrom_krr,12,200,20,4000,krr-n4000-lambda0.01-seed12,0.01,0.6976940125429635,0.0015964231520006,True
krr-n4000-seed12,nystrom_krr,12,200,20,4000,krr-n4000-lambda0.1-seed12,0.1,0.6897615278739355,0.00130187066811,False
krr-n4000-seed12,nystrom_krr,12,200,20,4000,krr-n4000-lambda1-seed12,1.0,0.6781946803453214,0.0011355399815999,False
krr-n4000-seed13,nystrom_krr,13,200,20,4000,krr-n4000-lambda0.0001-seed13,0.0001,0.7016138098000783,0.0013367640891333,False
krr-n4000-seed13,nystrom_krr,13,200,20,4000,krr-n4000-lambda0.001-seed13,0.001,0.6133535310068707,0.0009364160964581,False
krr-n4000-seed13,nystrom_krr,13,200,20,4000,krr-n4000-lambda0.01-seed13,0.01,0.7069471329072512,0.0008343470606183,True
krr-n4000-seed13,nystrom_krr,13,200,20,4000,krr-n4000-lambda0.1-seed13,0.1,0.6897453681127054,0.001329165422337,False
krr-n4000-seed13,nystrom_krr,13,200,20,4000,krr-n4000-lambda1-seed13,1.0,0.6999194986001207,0.0008804475232906,False
krr-n4000-seed14,nystrom_krr,14,200,20,4000,krr-n4000-lambda0.0001-seed14,0.0001,0.6719469724255982,0.0017285762935722,False
krr-n4000-seed14,nystrom_krr,14,200,20,4000,krr-n4000-lambda0.001-seed14,0.001,0.6742452363659338,0.0024025540724564,False
krr-n4000-seed14,nystrom_krr,14,200,20,4000,krr-n4000-lambda0.01-seed14,0.01,0.6729988554499864,0.0020235428232159,False
krr-n4000-seed14,nystrom_krr,14,200,20,4000,krr-n4000-lambda0.1-seed14,0.1,0.6749848191508057,0.0024062194865352,True
krr-n4000-seed14,nystrom_krr,14,200,20,4000,krr-n4000-lambda1-seed14,1.0,0.6624059230140611,0.0019278721808454,False
krr-n4000-seed15,nystrom_krr,15,200,20,4000,krr-n4000-lambda0.0001-seed15,0.0001,0.6867430355574188,0.0013157312792742,False
krr-n4000-seed15,nystrom_krr,15,200,20,4000,krr-n4000-lambda0.001-seed15,0.001,0.6810894621002258,0.001655917825066,False
krr-n4000-seed15,nystrom_krr,15,200,20,4000,krr-n4000-lambda0.01-seed15,0.01,0.6925480756029652,0.0016522003594788,True
krr-n4000-seed15,nystrom_krr,15,200,20,4000,krr-n4000-lambda0.1-seed15,0.1,0.688027159113249,0.0015098538856668,False
krr-n4000-seed15,nystrom_krr,15,200,20,4000,krr-n4000-lambda1-seed15,1.0,0.6845894850197489,0.0019917244097363,False
krr-n4000-seed16,nystrom_krr,16,200,20,4000,krr-n4000-lambda0.0001-seed16,0.0001,0.6146328350744348,0.0023509883676545,False
krr-n4000-seed16,nystrom_krr,16,200,20,4000,krr-n4000-lambda0.001-seed16,0.001,0.677451317604726,0.0028034210671633,False
krr-n4000-seed16,nystrom_krr,16,200,20,4000,krr-n4000-lambda0.01-seed16,0.01,0.635286883002763,0.0021332238436268,False
krr-n4000-seed16,nystrom_krr,16,200,20,4000,krr-n4000-lambda0.1-seed16,0.1,0.6829833229485437,0.0024542398119118,True
krr-n4000-seed16,nystrom_krr,16,200,20,4000,krr-n4000-lambda1-seed16,1.0,0.5895938110114873,0.0004176325768072,False
krr-n4000-seed17,nystrom_krr,17,200,20,4000,krr-n4000-lambda0.0001-seed17,0.0001,0.6836310907037964,0.0014019410252101,True
krr-n4000-seed17,nystrom_krr,17,200,20,4000,krr-n4000-lambda0.001-seed17,0.001,0.5946625445960103,0.001020926683589,False
krr-n4000-seed17,nystrom_krr,17,200,20,4000,krr-n4000-lambda0.01-seed17,0.01,0.6724517836177104,0.0026373736017851,False
krr-n4000-seed17,nystrom_krr,17,200,20,4000,krr-n4000-lambda0.1-seed17,0.1,0.6778377274187453,0.0015830680906029,False
krr-n4000-seed17,nystrom_krr,17,200,20,4000,krr-n4000-lambda1-seed17,1.0,0.6639428067478802,0.0019257560608111,False
krr-n4000-seed18,nystrom_krr,18,200,20,4000,krr-n4000-lambda0.0001-seed18,0.0001,0.6230907213228246,0.0015265387799587,False
krr-n4000-seed18,nystrom_krr,18,200,20,4000,krr-n4000-lambda0.001-seed18,0.001,0.5756784908388295,0.0004484313809824,False
krr-n4000-seed18,nystrom_krr,18,200,20,4000,krr-n4000-lambda0.01-seed18,0.01,0.6643543159624734,0.001168491465596,False
krr-n4000-seed18,nystrom_krr,18,200,20,4000,krr-n4000-lambda0.1-seed18,0.1,0.6812599272174443,0.001244836657,True
krr-n4000-seed18,nystrom_krr,18,200,20,4000,krr-n4000-lambda1-seed18,1.0,0.6673414040895068,0.0011239129499609,False
krr-n4000-seed19,nystrom_krr,19,200,20,4000,krr-n4000-lambda0.0001-seed19,0.0001,0.703520456063526,0.0014991271471128,False
krr-n4000-seed19,nystrom_krr,19,200,20,4000,krr-n4000-lambda0.001-seed19,0.001,0.6936350046727373,0.0017873286262564,False
krr-n4000-seed19,nystrom_krr,19,200,20,4000,krr-n4000-lambda0.01-seed19,0.01,0.7064459992331763,0.0021906258578286,True
krr-n4000-seed19,nystrom_krr,19,200,20,4000,krr-n4000-lambda0.1-seed19,0.1,0.6604535457864846,0.0017940314064496,False
krr-n4000-seed19,nystrom_krr,19,200,20,4000,krr-n4000-lambda1-seed19,1.0,0.6226918546546417,0.0021710459299828,False
krr-n8000-seed00,nystrom_krr,0,400,20,8000,krr-n8000-lambda0.0001-seed00,0.0001,0.6651321413507845,0.0021799962974944,False
krr-n8000-seed00,nystrom_krr,0,400,20,8000,krr-n8000-lambda0.001-seed00,0.001,0.6849060146326735,0.0010107998077968,False
krr-n8000-seed00,nystrom_krr,0,400,20,8000,krr-n8000-lambda0.01-seed00,0.01,0.6288827360739458,0.0013811721676421,False
krr-n8000-seed00,nystrom_krr,0,400,20,8000,krr-n8000-lambda0.1-seed00,0.1,0.7125404487628103,0.0016520247060298,True
krr-n8000-seed00,nystrom_krr,0,400,20,8000,krr-n8000-lambda1-seed00,1.0,0.6992991364307536,0.0014877217908141,False
krr-n8000-seed01,nystrom_krr,1,400,20,8000,krr-n8000-lambda0.0001-seed01,0.0001,0.6179985293952506,0.0024912532582354,False
krr-n8000-seed01,nystrom_krr,1,400,20,8000,krr-n8000-lambda0.001-seed01,0.001,0.6936514480511664,0.0015423244487714,False
krr-n8000-seed01,nystrom_krr,1,400,20,8000,krr-n8000-lambda0.01-seed01,0.01,0.7043517483774031,0.0014670146871264,True
krr-n8000-seed01,nystrom_krr,1,400,20,8000,krr-n8000-lambda0.1-seed01,0.1,0.6350103968702554,0.000828761130787,False
krr-n8000-seed01,nystrom_krr,1,400,20,8000,krr-n8000-lambda1-seed01,1.0,0.6761997098148436,0.0022747392273301,False
krr-n8000-seed02,nystrom_krr,2,400,20,8000,krr-n8000-lambda0.0001-seed02,0.0001,0.5940967424329728,0.0025668076343632,False
krr-n8000-seed02,nystrom_krr,2,400,20,8000,krr-n8000-lambda0.001-seed02,0.001,0.6301648778654043,0.0020765173119391,False
krr-n8000-seed02,nystrom_krr,2,400,20,8000,krr-n8000-lambda0.01-seed02,0.01,0.5193380285984331,0.0014100305524998,False
krr-n8000-seed02,nystrom_krr,2,400,20,8000,krr-n8000-lambda0.1-seed02,0.1,0.6331741376039511,0.0013914429996135,True
krr-n8000-seed02,nystrom_krr,2,400,20,8000,krr-n8000-lambda1-seed02,1.0,0.6112986739759452,0.0028793719383297,False
krr-n8000-seed03,nystrom_krr,3,400,20,8000,krr-n8000-lambda0.0001-seed03,0.0001,0.7123877208273793,0.0022155716269099,True
krr-n8000-seed03,nystrom_krr,3,400,20,8000,krr-n8000-lambda0.001-seed03,0.001,0.6453312383294436,0.0017284006185189,False
krr-n8000-seed03,nystrom_krr,3,400,20,8000,krr-n8000-lambda0.01-seed03,0.01,0.6243131842459482,0.0014328148086883,False
krr-n8000-seed03,nystrom_krr,3,400,20,8000,krr-n8000-lambda0.1-seed03,0.1,0.7019203362203829,0.0022291946211782,False
krr-n8000-seed03,nystrom_krr,3,400,20,8000,krr-n8000-lambda1-seed03,1.0,0.5623053590922545,0.0013285996196211,False
krr-n8000-seed04,nystrom_krr,4,400,20,8000,krr-n8000-lambda0.0001-seed04,0.0001,0.5686556995530563,0.0025525901734868,False
krr-n8000-seed04,nystrom_krr,4,400,20,8000,krr-n8000-lambda0.001-seed04,0.001,0.6158976082037766,0.0020552993529408,False
krr-n8000-seed04,nystrom_krr,4,400,20,8000,krr-n8000-lambda0.01-seed04,0.01,0.6298868786264025,0.0026231436991307,True
krr-n8000-seed04,nystrom_krr,4,400,20,8000,krr-n8000-lambda0.1-seed04,0.1,0.5887928589621643,0.0005790272604445,False
krr-n8000-seed04,nystrom_krr,4,400,20,8000,krr-n8000-lambda1-seed04,1.0,0.5935419306837741,0.0023327440489258,False
krr-n8000-seed05,nystrom_krr,5,400,20,8000,krr-n8000-lambda0.0001-seed05,0.0001,0.67949778917352,0.0024783263592415,False
krr-n8000-seed05,nystrom_krr,5,400,20,8000,krr-n8000-lambda0.001-seed05,0.001,0.700781927584046,0.0012040514052433,True
krr-n8000-seed05,nystrom_krr,5,400,20,8000,krr-n8000-lambda0.01-seed05,0.01,0.6733469740006888,0.0013521523654872,False
krr-n8000-seed05,nystrom_krr,5,400,20,8000,krr-n8000-lambda0.1-seed05,0.1,0.639129994702484,0.0015764667334343,False
krr-n8000-seed05,nystrom_krr,5,400,20,8000,krr-n8000-lambda1-seed05,1.0,0.6043844432563958,0.0006876160764979,False
krr-n8000-seed06,nystrom_krr,6,400,20,8000,krr-n8000-lambda0.0001-seed06,0.0001,0.6877746823728929,0.0020948152583577,True
krr-n8000-seed06,nystrom_krr,6,400,20,8000,krr-n8000-lambda0.001-seed06,0.001,0.6622128245858272,0.002046354312181,False
krr-n8000-seed06,nystrom_krr,6,400,20,8000,krr-n8000-lambda0.01-seed06,0.01,0.6857683102926526,0.0018527196503387,False
krr-n8000-seed06,nystrom_krr,6,400,20,8000,krr-n8000-lambda0.1-seed06,0.1,0.6561556432180167,0.0022811696509817,False
krr-n8000-seed06,nystrom_krr,6,400,20,8000,krr-n8000-lambda1-seed06,1.0,0.6530178360655929,0.0011468919065964,False
krr-n8000-seed07,nystrom_krr,7,400,20,8000,krr-n8000-lambda0.0001-seed07,0.0001,0.6402667213914596,0.0012867606462091,False
krr-n8000-seed07,nystrom_krr,7,400,20,8000,krr-n8000-lambda0.001-seed07,0.001,0.6953585881410219,0.0015270414900081,True
krr-n8000-seed07,nystrom_krr,7,400,20,8000,krr-n8000-lambda0.01-seed07,0.01,0.6524317432827922,0.0024362338941945,False
krr-n8000-seed07,nystrom_krr,7,400,20,8000,krr-n8000-lambda0.1-seed07,0.1,0.6897170466614269,0.0012496108503298,False
krr-n8000-seed07,nystrom_krr,7,400,20,8000,krr-n8000-lambda1-seed07,1.0,0.6701649087875496,0.0025274785158986,False
krr-n8000-seed08,nystrom_krr,8,400,20,8000,krr-n8000-lambda0.0001-seed08,0.0001,0.5996400236421284,0.0014941332229376,True
krr-n8000-seed08,nystrom_krr,8,400,20,8000,krr-n8000-lambda0.001-seed08,0.001,0.5176174765562847,0.0013293262841185,False
krr-n8000-seed08,nystrom_krr,8,400,20,8000,krr-n8000-lambda0.01-seed08,0.01,0.5628020610977773,0.0022346715726914,False
krr-n8000-seed08,nystrom_krr,8,400,20,8000,krr-n8000-lambda0.1-seed08,0.1,0.5948210066871547,0.0023672006318127,False
krr-n8000-seed08,nystrom_krr,8,400,20,8000,krr-n8000-lambda1-seed08,1.0,0.5379427719000767,0.002158413917825,False
krr-n8000-seed09,nystrom_krr,9,400,20,8000,krr-n8000-lambda0.0001-seed09,0.0001,0.6350981008253914,0.0013401297659232,False
krr-n8000-seed09,nystrom_krr,9,400,20,8000,krr-n8000-lambda0.001-seed09,0.001,0.6239628428171972,0.0013149653198726,False
krr-n8000-seed09,nystrom_krr,9,400,20,8000,krr-n8000-lambda0.01-seed09,0.01,0.645275763157805,0.0012844456211682,False
krr-n8000-seed09,nystrom_krr,9,400,20,8000,krr-n8000-lambda0.1-seed09,0.1,0.7063040680658098,0.0015049766926564,True
krr-n8000-seed09,nystrom_krr,9,400,20,8000,krr-n8000-lambda1-seed09,1.0,0.5992895173268176,0.0017109965112122,False
krr-n8000-seed10,nystrom_krr,10,400,20,8000,krr-n8000-lambda0.0001-seed10,0.0001,0.7104190297383911,0.001521270716162,True
krr-n8000-seed10,nystrom_krr,10,400,20,8000,krr-n8000-lambda0.001-seed10,0.001,0.6479986543142814,0.0015228147712255,False
krr-n8000-seed10,nystrom_krr,10,400,20,8000,krr-n8000-lambda0.01-seed10,0.01,0.6902249634527196,0.0013333704204427,False
krr-n8000-seed10,nystrom_krr,10,400,20,8000,krr-n8000-lambda0.1-seed10,0.1,0.6476337041834167,0.0026318714588083,False
krr-n8000-seed10,nystrom_krr,10,400,20,8000,krr-n8000-lambda1-seed10,1.0,0.6862162534088432,0.001830446000696,False
krr-n8000-seed11,nystrom_krr,11,400,20,8000,krr-n8000-lambda0.0001-seed11,0.0001,0.5672971223367008,0.0021783331665447,False
krr-n8000-seed11,nystrom_krr,11,400,20,8000,krr-n8000-lambda0.001-seed11,0.001,0.5526627984718606,0.0019545888162984,False
krr-n8000-seed11,nystrom_krr,11,400,20,8000,krr-n8000-lambda0.01-seed11,0.01,0.6611846577657046,0.0015278923078041,True
krr-n8000-seed11,nystrom_krr,11,400,20,8000,krr-n8000-lambda0.1-seed11,0.1,0.6364427634439591,0.0019709668998374,False
krr-n8000-seed11,nystrom_krr,11,400,20,8000,krr-n8000-lambda1-seed11,1.0,0.4759915346172718,0.0011627141365017,False
krr-n8000-seed12,nystrom_krr,12,400,20,8000,krr-n8000-lambda0.0001-seed12,0.0001,0.6761916579604577,0.0022448872192113,True
krr-n8000-seed12,nystrom_krr,12,400,20,8000,krr-n8000-lambda0.001-seed12,0.001,0.6131504174329573,0.0011822943259436,False
krr-n8000-seed12,nystrom_krr,12,400,20,8000,krr-n8000-lambda0.01-seed12,0.01,0.667006347304166,0.0018172662167513,False
krr-n8000-seed12,nystrom_krr,12,400,20,8000,krr-n8000-lambda0.1-seed12,0.1,0.6045782706463383,0.0025009694042033,False
krr-n8000-seed12,nystrom_krr,12,400,20,8000,krr-n8000-lambda1-seed12,1.0,0.6744410421663196,0.0022046778431595,False
krr-n8000-seed13,nystrom_krr,13,400,20,8000,krr-n8000-lambda0.0001-seed13,0.0001,0.7022202896510609,0.0016631105592255,True
krr-n8000-seed13,nystrom_krr,13,400,20,8000,krr-n8000-lambda0.001-seed13,0.001,0.6810855095902282,0.002639690458907,False
krr-n8000-seed13,nystrom_krr,13,400,20,8000,krr-n8000-lambda0.01-seed13,0.01,0.6393924570086333,0.0026465977840586,False
krr-n8000-seed13,nystrom_krr,13,400,20,8000,krr-n8000-lambda0.1-seed13,0.1,0.6944193966754503,0.0023095737721892,False
krr-n8000-seed13,nystrom_krr,13,400,20,8000,krr-n8000-lambda1-seed13,1.0,0.6801525758579055,0.0014122121560478,False
krr-n8000-seed14,nystrom_krr,14,400,20,8000,krr-n8000-lambda0.0001-seed14,0.0001,0.6395177788778059,0.0016636413785389,False
krr-n8000-seed14,nystrom_krr,14,400,20,8000,krr-n8000-lambda0.001-seed14,0.001,0.6902636097714262,0.0023651330646833,True
krr-n8000-seed14,nystrom_krr,14,400,20,8000,krr-n8000-lambda0.01-seed14,0.01,0.660620600773448,0.0012951328551994,False
krr-n8000-seed14,nystrom_krr,14,400,20,8000,krr-n8000-lambda0.1-seed14,0.1,0.6886805761884193,0.0025337474911642,False
krr-n8000-seed14,nystrom_krr,14,400,20,8000,krr-n8000-lambda1-seed14,1.0,0.570312309809093,0.0026589134764738,False
krr-n8000-seed15,nystrom_krr,15,400,20,8000,krr-n8000-lambda0.0001-seed15,0.0001,0.6295551522694173,0.002008819189372,False
krr-n8000-seed15,nystrom_krr,15,400,20,8000,krr-n8000-lambda0.001-seed15,0.001,0.6600651262576605,0.0022233037613283,False
krr-n8000-seed15,nystrom_krr,15,400,20,8000,krr-n8000-lambda0.01-seed15,0.01,0.685443512140642,0.0024003495126363,False
krr-n8000-seed15,nystrom_krr,15,400,20,8000,krr-n8000-lambda0.1-seed15,0.1,0.6889203176568447,0.002133828407415,True
krr-n8000-seed15,nystrom_krr,15,400,20,8000,krr-n8000-lambda1-seed15,1.0,0.6635607323751999,0.0016765250169852,False
krr-n8000-seed16,nystrom_krr,16,400,20,8000,krr-n8000-lambda0.0001-seed16,0.0001,0.5216241557437977,0.0010047951091796,False
krr-n8000-seed16,nystrom_krr,16,400,20,8000,krr-n8000-lambda0.001-seed16,0.001,0.566547843874737,0.0015455924442556,False
krr-n8000-seed16,nystrom_krr,16,400,20,8000,krr-n8000-lambda0.01-seed16,0.01,0.5709591065741233,0.0022450363958799,False
krr-n8000-seed16,nystrom_krr,16,400,20,8000,krr-n8000-lambda0.1-seed16,0.1,0.6493721763633981,0.0025027488827882,False
krr-n8000-seed16,nystrom_krr,16,400,20,8000,krr-n8000-lambda1-seed16,1.0,0.6710527634197112,0.0023788344849973,True
krr-n8000-seed17,nystrom_krr,17,400,20,8000,krr-n8000-lambda0.0001-seed17,0.0001,0.6689795879157256,0.0024728763261646,False
krr-n8000-seed17,nystrom_krr,17,400,20,8000,krr-n8000-lambda0.001-seed17,0.001,0.6706160440600103,0.0024957796079933,False
krr-n8000-seed17,nystrom_krr,17,400,20,8000,krr-n8000-lambda0.01-seed17,0.01,0.6955170655459774,0.001383384619647,True
krr-n8000-seed17,nystrom_krr,17,400,20,8000,krr-n8000-lambda0.1-seed17,0.1,0.6570621186973268,0.0025590381051838,False
krr-n8000-seed17,nystrom_krr,17,400,20,8000,krr-n8000-lambda1-seed17,1.0,0.6297805098794217,0.00255893302857,False
krr-n8000-seed18,nystrom_krr,18,400,20,8000,krr-n8000-lambda0.0001-seed18,0.0001,0.6692247718662949,0.0012212460364231,False
krr-n8000-seed18,nystrom_krr,18,400,20,8000,krr-n8000-lambda0.001-seed18,0.001,0.6095034119968132,0.0026450559036633,False
krr-n8000-seed18,nystrom_krr,18,400,20,8000,krr-n8000-lambda0.01-seed18,0.01,0.6791932247117587,0.0025536614573207,True
krr-n8000-seed18,nystrom_krr,18,400,20,8000,krr-n8000-lambda0.1-seed18,0.1,0.6673258613893361,0.002424822449065,False
krr-n8000-seed18,nystrom_krr,18,400,20,8000,krr-n8000-lambda1-seed18,1.0,0.6282597192867595,0.0020794123916347,False
krr-n8000-seed19,nystrom_krr,19,400,20,8000,krr-n8000-lambda0.0001-seed19,0.0001,0.689469222815166,0.0014276932390436,False
krr-n8000-seed19,nystrom_krr,19,400,20,8000,krr-n8000-lambda0.001-seed19,0.001,0.6629371479182604,0.0026944403364119,False
krr-n8000-seed19,nystrom_krr,19,400,20,8000,krr-n8000-lambda0.01-seed19,0.01,0.6361619757273058,0.0021187285803554,False
krr-n8000-seed19,nystrom_krr,19,400,20,8000,krr-n8000-lambda0.1-seed19,0.1,0.6957523596907379,0.0014099925937814,True
krr-n8000-seed19,nystrom_krr,19,400,20,8000,krr-n8000-lambda1-seed19,1.0,0.5323510763288338,0.001568904920424,False
krr-n16000-seed00,nystrom_krr,0,800,20,16000,krr-n16000-lambda0.0001-seed00,0.0001,0.6772525373111395,0.0024345347880195,True
krr-n16000-seed00,nystrom_krr,0,800,20,16000,krr-n16000-lambda0.001-seed00,0.001,0.5505368264158241,0.0024395040080422,False
krr-n16000-seed00,nystrom_krr,0,800,20,16000,krr-n16000-lambda0.01-seed00,0.01,0.6090504838156349,0.0009532956697885,False
krr-n16000-seed00,nystrom_krr,0,800,20,16000,krr-n16000-lambda0.1-seed00,0.1,0.6104420043634462,0.0014678517318605,False
krr-n16000-seed00,nystrom_krr,0,800,20,16000,krr-n16000-lambda1-seed00,1.0,0.5869556279767402,0.0016897438681819,False
krr-n16000-seed01,nystrom_krr,1,800,20,16000,krr-n16000-lambda0.0001-seed01,0.0001,0.6125046201170681,0.0020959319563377,False
krr-n16000-seed01,nystrom_krr,1,800,20,16000,krr-n16000-lambda0.001-seed01,0.001,0.6063459115502177,0.0012482019778124,False
krr-n16000-seed01,nystrom_krr,1,800,20,16000,krr-n16000-lambda0.01-seed01,0.01,0.6939450926649029,0.0013501235498891,True
krr-n16000-seed01,nystrom_krr,1,800,20,16000,krr-n16000-lambda0.1-seed01,0.1,0.6023520349957625,0.0026634563933878,False
krr-n16000-seed01,nystrom_krr,1,800,20,16000,krr-n16000-lambda1-seed01,1.0,0.6057810683801028,0.0019413891788845,False
krr-n16000-seed02,nystrom_krr,2,800,20,16000,krr-n16000-lambda0.0001-seed02,0.0001,0.6391750186998081,0.002305271459334,False
krr-n16000-seed02,nystrom_krr,2,800,20,16000,krr-n16000-lambda0.001-seed02,0.001,0.6291032473298472,0.0012471050497902,False
krr-n16000-seed02,nystrom_krr,2,800,20,16000,krr-n16000-lambda0.01-seed02,0.01,0.5237440787584827,0.0015407175241116,False
krr-n16000-seed02,nystrom_krr,2,800,20,16000,krr-n16000-lambda0.1-seed02,0.1,0.6630518024987716,0.0021441280048806,True
krr-n16000-seed02,nystrom_krr,2,800,20,16000,krr-n16000-lambda1-seed02,1.0,0.6523315916397605,0.0017112403721049,False
krr-n16000-seed03,nystrom_krr,3,800,20,16000,krr-n16000-lambda0.0001-seed03,0.0001,0.6608135488023607,0.002362713861261,True
krr-n16000-seed03,nystrom_krr,3,800,20,16000,krr-n16000-lambda0.001-seed03,0.001,0.636696273048998,0.0015410351437072,False
krr-n16000-seed03,nystrom_krr,3,800,20,16000,krr-n16000-lambda0.01-seed03,0.01,0.6221058648001414,0.0014972207586235,False
krr-n16000-seed03,nystrom_krr,3,800,20,16000,krr-n16000-lambda0.1-seed03,0.1,0.5582943732928047,0.0022389929804667,False
krr-n16000-seed03,nystrom_krr,3,800,20,16000,krr-n16000-lambda1-seed03,1.0,0.6224419282216328,0.0018187839697035,False
krr-n16000-seed04,nystrom_krr,4,800,20,16000,krr-n16000-lambda0.0001-seed04,0.0001,0.5772539537098367,0.0019831792655126,False
krr-n16000-seed04,nystrom_krr,4,800,20,16000,krr-n16000-lambda0.001-seed04,0.001,0.5138228326952331,0.0015431340577517,False
krr-n16000-seed04,nystrom_krr,4,800,20,16000,krr-n16000-lambda0.01-seed04,0.01,0.5880020478518984,0.002379091451071,False
krr-n16000-seed04,nystrom_krr,4,800,20,16000,krr-n16000-lambda0.1-seed04,0.1,0.6188928362129723,0.0029425462205386,False
krr-n16000-seed04,nystrom_krr,4,800,20,16000,krr-n16000-lambda1-seed04,1.0,0.6205906716375621,0.0015051925800497,True
krr-n16000-seed05,nystrom_krr,5,800,20,16000,krr-n16000-lambda0.0001-seed05,0.0001,0.6390638273763949,0.0019422512932524,False
krr-n16000-seed05,nystrom_krr,5,800,20,16000,krr-n16000-lambda0.001-seed05,0.001,0.6457993360417709,0.0016970791668751,False
krr-n16000-seed05,nystrom_krr,5,800,20,16000,krr-n16000-lambda0.01-seed05,0.01,0.6158343208563369,0.001330500174736,False
krr-n16000-seed05,nystrom_krr,5,800,20,16000,krr-n16000-lambda0.1-seed05,0.1,0.6772214982694215,0.0012723738786872,True
krr-n16000-seed05,nystrom_krr,5,800,20,16000,krr-n16000-lambda1-seed05,1.0,0.5936495223849118,0.0010684316222657,False
krr-n16000-seed06,nystrom_krr,6,800,20,16000,krr-n16000-lambda0.0001-seed06,0.0001,0.6274783419572957,0.001334529234397,False
krr-n16000-seed06,nystrom_krr,6,800,20,16000,krr-n16000-lambda0.001-seed06,0.001,0.6141325692414111,0.0010836015469054,False
krr-n16000-seed06,nystrom_krr,6,800,20,16000,krr-n16000-lambda0.01-seed06,0.01,0.5867219410371158,0.0010803812359715,False
krr-n16000-seed06,nystrom_krr,6,800,20,16000,krr-n16000-lambda0.1-seed06,0.1,0.6493501547474141,0.0017274923754913,True
krr-n16000-seed06,nystrom_krr,6,800,20,16000,krr-n16000-lambda1-seed06,1.0,0.606694612560653,0.000897856566095,False
krr-n16000-seed07,nystrom_krr,7,800,20,16000,krr-n16000-lambda0.0001-seed07,0.0001,0.5404466222588791,0.0019098127456282,False
krr-n16000-seed07,nystrom_krr,7,800,20,16000,krr-n16000-lambda0.001-seed07,0.001,0.5684270298529327,0.0019009982782838,False
krr-n16000-seed07,nystrom_krr,7,800,20,16000,krr-n16000-lambda0.01-seed07,0.01,0.6384733490656288,0.0016778933936564,False
krr-n16000-seed07,nystrom_krr,7,800,20,16000,krr-n16000-lambda0.1-seed07,0.1,0.5720615995302359,0.0019977245151766,False
krr-n16000-seed07,nystrom_krr,7,800,20,16000,krr-n16000-lambda1-seed07,1.0,0.6787729610704177,0.0022939391653665,True
krr-n16000-seed08,nystrom_krr,8,800,20,16000,krr-n16000-lambda0.0001-seed08,0.0001,0.5352428741885442,0.0021719285119959,False
krr-n16000-seed08,nystrom_krr,8,800,20,16000,krr-n16000-lambda0.001-seed08,0.001,0.5596350715177587,0.0022384404191524,False
krr-n16000-seed08,nystrom_krr,8,800,20,16000,krr-n16000-lambda0.01-seed08,0.01,0.6675856024490402,0.0019255512793382,True
krr-n16000-seed08,nystrom_krr,8,800,20,16000,krr-n16000-lambda0.1-seed08,0.1,0.6210368377241013,0.0027725965928793,False
krr-n16000-seed08,nystrom_krr,8,800,20,16000,krr-n16000-lambda1-seed08,1.0,0.6324499966516858,0.0020560418864247,False
krr-n16000-seed09,nystrom_krr,9,800,20,16000,krr-n16000-lambda0.0001-seed09,0.0001,0.569344068787168,0.0013968281712439,False
krr-n16000-seed09,nystrom_krr,9,800,20,16000,krr-n16000-lambda0.001-seed09,0.001,0.5928329769752106,0.0018468573748802,False
krr-n16000-seed09,nystrom_krr,9,800,20,16000,krr-n16000-lambda0.01-seed09,0.01,0.6068428028563476,0.0018138720955008,True
krr-n16000-seed09,nystrom_krr,9,800,20,16000,krr-n16000-lambda0.1-seed09,0.1,0.5933604771365678,0.0019685403823049,False
krr-n16000-seed09,nystrom_krr,9,800,20,16000,krr-n16000-lambda1-seed09,1.0,0.6003412641321115,0.0028017583825145,False
krr-n16000-seed10,nystrom_krr,10,800,20,16000,krr-n16000-lambda0.0001-seed10,0.0001,0.6999568436262641,0.0022935515013769,True
krr-n16000-seed10,nystrom_krr,10,800,20,16000,krr-n16000-lambda0.001-seed10,0.001,0.5811557959008611,0.0024635207990915,False
krr-n16000-seed10,nystrom_krr,10,800,20,16000,krr-n16000-lambda0.01-seed10,0.01,0.5729059398937052,0.0018796009796726,False
krr-n16000-seed10,nystrom_krr,10,800,20,16000,krr-n16000-lambda0.1-seed10,0.1,0.5856356794809559,0.003036363201616,False
krr-n16000-seed10,nystrom_krr,10,800,20,16000,krr-n16000-lambda1-seed10,1.0,0.5680035880471166,0.0023584089514937,False
krr-n16000-seed11,nystrom_krr,11,800,20,16000,krr-n16000-lambda0.0001-seed11,0.0001,0.5971450834026569,0.002094115961482,False
krr-n16000-seed11,nystrom_krr,11,800,20,16000,krr-n16000-lambda0.001-seed11,0.001,0.6219388886691933,0.0027120497802404,False
krr-n16000-seed11,nystrom_krr,11,800,20,16000,krr-n16000-lambda0.01-seed11,0.01,0.6417107095533665,0.0022152100932425,False
krr-n16000-seed11,nystrom_krr,11,800,20,16000,krr-n16000-lambda0.1-seed11,0.1,0.6783425683993582,0.0014152435637456,True
krr-n16000-seed11,nystrom_krr,11,800,20,16000,krr-n16000-lambda1-seed11,1.0,0.5740469154272667,0.0019985889481438,False
krr-n16000-seed12,nystrom_krr,12,800,20,16000,krr-n16000-lambda0.0001-seed12,0.0001,0.6152222441078066,0.0018622581773956,False
krr-n16000-seed12,nystrom_krr,12,800,20,16000,krr-n16000-lambda0.001-seed12,0.001,0.6119333864912379,0.0020075938160163,False
krr-n16000-seed12,nystrom_krr,12,800,20,16000,krr-n16000-lambda0.01-seed12,0.01,0.6301458108481607,0.0029815993875049,True
krr-n16000-seed12,nystrom_krr,12,800,20,16000,krr-n16000-lambda0.1-seed12,0.1,0.5145388217356547,0.0011292331289565,False
krr-n16000-seed12,nystrom_krr,12,800,20,16000,krr-n16000-lambda1-seed12,1.0,0.6057055359048813,0.0014682042334608,False
krr-n16000-seed13,nystrom_krr,13,800,20,16000,krr-n16000-lambda0.0001-seed13,0.0001,0.5267653106351846,0.0016326407176772,False
krr-n16000-seed13,nystrom_krr,13,800,20,16000,krr-n16000-lambda0.001-seed13,0.001,0.6158530145782352,0.0011816585029314,False
krr-n16000-seed13,nystrom_krr,13,800,20,16000,krr-n16000-lambda0.01-seed13,0.01,0.6003660500212495,0.0017446746902494,False
krr-n16000-seed13,nystrom_krr,13,800,20,16000,krr-n16000-lambda0.1-seed13,0.1,0.553742568977398,0.0021729521024127,False
krr-n16000-seed13,nystrom_krr,13,800,20,16000,krr-n16000-lambda1-seed13,1.0,0.6351721725982825,0.0011645883300892,True
krr-n16000-seed14,nystrom_krr,14,800,20,16000,krr-n16000-lambda0.0001-seed14,0.0001,0.6677486807034843,0.0016443558243375,False
krr-n16000-seed14,nystrom_krr,14,800,20,16000,krr-n16000-lambda0.001-seed14,0.001,0.6033598434644907,0.0017118737976871,False
krr-n16000-seed14,nystrom_krr,14,800,20,16000,krr-n16000-lambda0.01-seed14,0.01,0.6984324948411292,0.0017661285004082,True
krr-n16000-seed14,nystrom_krr,14,800,20,16000,krr-n16000-lambda0.1-seed14,0.1,0.6383601121296575,0.0017673273049217,False
krr-n16000-seed14,nystrom_krr,14,800,20,16000,krr-n16000-lambda1-seed14,1.0,0.6777175849050001,0.0013727553151301,False
krr-n16000-seed15,nystrom_krr,15,800,20,16000,krr-n16000-lambda0.0001-seed15,0.0001,0.5581568717953753,0.0019929988822575,False
krr-n16000-seed15,nystrom_krr,15,800,20,16000,krr-n16000-lambda0.001-seed15,0.001,0.594658704790462,0.0024696884488381,False
krr-n16000-seed15,nystrom_krr,15,800,20,16000,krr-n16000-lambda0.01-seed15,0.01,0.6197460612780492,0.0010191738418423,False
krr-n16000-seed15,nystrom_krr,15,800,20,16000,krr-n16000-lambda0.1-seed15,0.1,0.6586682095587192,0.0020845928636915,True
krr-n16000-seed15,nystrom_krr,15,800,20,16000,krr-n16000-lambda1-seed15,1.0,0.5498832587915277,0.001649964605482,False
krr-n16000-seed16,nystrom_krr,16,800,20,16000,krr-n16000-lambda0.0001-seed16,0.0001,0.641413054716702,0.0017263085618526,False
krr-n16000-seed16,nystrom_krr,16,800,20,16000,krr-n16000-lambda0.001-seed16,0.001,0.5845773220323108,0.0021594004266757,False
krr-n16000-seed16,nystrom_krr,16,800,20,16000,krr-n16000-lambda0.01-seed16,0.01,0.6454087476546763,0.0013323751769655,True
krr-n16000-seed16,nystrom_krr,16,800,20,16000,krr-n16000-lambda0.1-seed16,0.1,0.5204430838878532,0.0013745213303904,False
krr-n16000-seed16,nystrom_krr,16,800,20,16000,krr-n16000-lambda1-seed16,1.0,0.621118310085594,0.0013433629020614,False
krr-n16000-seed17,nystrom_krr,17,800,20,16000,krr-n16000-lambda0.0001-seed17,0.0001,0.5796408068423912,0.0024919266462578,False
krr-n16000-seed17,nystrom_krr,17,800,20,16000,krr-n16000-lambda0.001-seed17,0.001,0.5267268707177195,0.0015259768365948,False
krr-n16000-seed17,nystrom_krr,17,800,20,16000,krr-n16000-lambda0.01-seed17,0.01,0.5110579783407296,0.0013371210564948,False
krr-n16000-seed17,nystrom_krr,17,800,20,16000,krr-n16000-lambda0.1-seed17,0.1,0.5712621930072057,0.0023018762606901,False
krr-n16000-seed17,nystrom_krr,17,800,20,16000,krr-n16000-lambda1-seed17,1.0,0.6532860884112008,0.0016093465106416,True
krr-n16000-seed18,nystrom_krr,18,800,20,16000,krr-n16000-lambda0.0001-seed18,0.0001,0.6127375631671423,0.0017281863547396,False
krr-n16000-seed18,nystrom_krr,18,800,20,16000,krr-n16000-lambda0.001-seed18,0.001,0.6047274068169763,0.0010886069363537,False
krr-n16000-seed18,nystrom_krr,18,800,20,16000,krr-n16000-lambda0.01-seed18,0.01,0.6166988572992531,0.0012636047071073,True
krr-n16000-seed18,nystrom_krr,18,800,20,16000,krr-n16000-lambda0.1-seed18,0.1,0.5699986028092437,0.0026151910551211,False
krr-n16000-seed18,nystrom_krr,18,800,20,16000,krr-n16000-lambda1-seed18,1.0,0.6066112372312341,0.0009595402552097,False
krr-n16000-seed19,nystrom_krr,19,800,20,16000,krr-n16000-lambda0.0001-seed19,0.0001,0.5885317620303951,0.002492820835629,False
krr-n16000-seed19,nystrom_krr,19,800,20,16000,krr-n16000-lambda0.001-seed19,0.001,0.6053312110433446,0.0016978159741702,False
krr-n16000-seed19,nystrom_krr,19,800,20,16000,krr-n16000-lambda0.01-seed19,0.01,0.5804461214193477,0.0019585255751118,False
krr-n16000-seed19,nystrom_krr,19,800,20,16000,krr-n16000-lambda0.1-seed19,0.1,0.6650618735162728,0.0017178599217038,True
krr-n16000-seed19,nystrom_krr,19,800,20,16000,krr-n16000-lambda1-seed19,1.0,0.6564761800490185,0.0021376555948373,False
krr-n32000-seed00,nystrom_krr,0,1600,20,32000,krr-n32000-lambda0.0001-seed00,0.0001,0.5560692970915351,0.0016271911825694,False
krr-n32000-seed00,nystrom_krr,0,1600,20,32000,krr-n32000-lambda0.001-seed00,0.001,0.5782040058235286,0.0025171372917881,False
krr-n32000-seed00,nystrom_krr,0,1600,20,32000,krr-n32000-lambda0.01-seed00,0.01,0.5965461140913993,0.0018512881043913,False
krr-n32000-seed00,nystrom_krr,0,1600,20,32000,krr-n32000-lambda0.1-seed00,0.1,0.6723473993860379,0.0021640550521032,True
krr-n32000-seed00,nystrom_krr,0,1600,20,32000,krr-n32000-lambda1-seed00,1.0,0.6015351192629491,0.0014711274960346,False
krr-n32000-seed01,nystrom_krr,1,1600,20,32000,krr-n32000-lambda0.0001-seed01,0.0001,0.6296609372594187,0.0011858200443032,True
krr-n32000-seed01,nystrom_krr,1,1600,20,32000,krr-n32000-lambda0.001-seed01,0.001,0.5390084440557357,0.0023389246529028,False
krr-n32000-seed01,nystrom_krr,1,1600,20,32000,krr-n32000-lambda0.01-seed01,0.01,0.6209058967672793,0.0032805100023018,False
krr-n32000-seed01,nystrom_krr,1,1600,20,32000,krr-n32000-lambda0.1-seed01,0.1,0.6177923873452638,0.0011600767860685,False
krr-n32000-seed01,nystrom_krr,1,1600,20,32000,krr-n32000-lambda1-seed01,1.0,0.5988608885178653,0.0014618145033671,False
krr-n32000-seed02,nystrom_krr,2,1600,20,32000,krr-n32000-lambda0.0001-seed02,0.0001,0.5347161954460787,0.0020913663975999,False
krr-n32000-seed02,nystrom_krr,2,1600,20,32000,krr-n32000-lambda0.001-seed02,0.001,0.5140025167909357,0.0007933145712138,False
krr-n32000-seed02,nystrom_krr,2,1600,20,32000,krr-n32000-lambda0.01-seed02,0.01,0.5793142531530732,0.001910896787004,False
krr-n32000-seed02,nystrom_krr,2,1600,20,32000,krr-n32000-lambda0.1-seed02,0.1,0.5559487655355793,0.002320266882506,False
krr-n32000-seed02,nystrom_krr,2,1600,20,32000,krr-n32000-lambda1-seed02,1.0,0.5912076117840531,0.0020432027213634,True
krr-n32000-seed03,nystrom_krr,3,1600,20,32000,krr-n32000-lambda0.0001-seed03,0.0001,0.5175510122140418,0.0017697774831679,False
krr-n32000-seed03,nystrom_krr,3,1600,20,32000,krr-n32000-lambda0.001-seed03,0.001,0.4718999302919989,0.0010013698385212,False
krr-n32000-seed03,nystrom_krr,3,1600,20,32000,krr-n32000-lambda0.01-seed03,0.01,0.663713289420816,0.0021331077149021,False
krr-n32000-seed03,nystrom_krr,3,1600,20,32000,krr-n32000-lambda0.1-seed03,0.1,0.6740330631495908,0.001825696225592,True
krr-n32000-seed03,nystrom_krr,3,1600,20,32000,krr-n32000-lambda1-seed03,1.0,0.5136174789743373,0.0013229562764737,False
krr-n32000-seed04,nystrom_krr,4,1600,20,32000,krr-n32000-lambda0.0001-seed04,0.0001,0.5877461004207085,0.0024801192922184,False
krr-n32000-seed04,nystrom_krr,4,1600,20,32000,krr-n32000-lambda0.001-seed04,0.001,0.6138671776967025,0.0018528313806574,False
krr-n32000-seed04,nystrom_krr,4,1600,20,32000,krr-n32000-lambda0.01-seed04,0.01,0.6399198269817868,0.0019494221535146,True
krr-n32000-seed04,nystrom_krr,4,1600,20,32000,krr-n32000-lambda0.1-seed04,0.1,0.5443911176673037,0.0020475346762213,False
krr-n32000-seed04,nystrom_krr,4,1600,20,32000,krr-n32000-lambda1-seed04,1.0,0.6305134499697692,0.0013651938093171,False
krr-n32000-seed05,nystrom_krr,5,1600,20,32000,krr-n32000-lambda0.0001-seed05,0.0001,0.6148847614551358,0.0020430614699115,True
krr-n32000-seed05,nystrom_krr,5,1600,20,32000,krr-n32000-lambda0.001-seed05,0.001,0.5379006671435496,0.0020211585497563,False
krr-n32000-seed05,nystrom_krr,5,1600,20,32000,krr-n32000-lambda0.01-seed05,0.01,0.6118353315535767,0.001696791684907,False
krr-n32000-seed05,nystrom_krr,5,1600,20,32000,krr-n32000-lambda0.1-seed05,0.1,0.5456841864425076,0.0019573218738737,False
krr-n32000-seed05,nystrom_krr,5,1600,20,32000,krr-n32000-lambda1-seed05,1.0,0.5659841001578898,0.0019222756948958,False
krr-n32000-seed06,nystrom_krr,6,1600,20,32000,krr-n32000-lambda0.0001-seed06,0.0001,0.540215295180854,0.0014465246127867,False
krr-n32000-seed06,nystrom_krr,6,1600,20,32000,krr-n32000-lambda0.001-seed06,0.001,0.5308336601496773,0.0012953160212783,False
krr-n32000-seed06,nystrom_krr,6,1600,20,32000,krr-n32000-lambda0.01-seed06,0.01,0.5846497426145486,0.0020081740760793,False
krr-n32000-seed06,nystrom_krr,6,1600,20,32000,krr-n32000-lambda0.1-seed06,0.1,0.5986224467915767,0.0025790270631571,True
krr-n32000-seed06,nystrom_krr,6,1600,20,32000,krr-n32000-lambda1-seed06,1.0,0.5953069703450433,0.0018440845965353,False
krr-n32000-seed07,nystrom_krr,7,1600,20,32000,krr-n32000-lambda0.0001-seed07,0.0001,0.7043804807356494,0.0012127875288784,True
krr-n32000-seed07,nystrom_krr,7,1600,20,32000,krr-n32000-lambda0.001-seed07,0.001,0.5978995380324976,0.0012644343395705,False
krr-n32000-seed07,nystrom_krr,7,1600,20,32000,krr-n32000-lambda0.01-seed07,0.01,0.6062618998035378,0.0019914207814964,False
krr-n32000-seed07,nystrom_krr,7,1600,20,32000,krr-n32000-lambda0.1-seed07,0.1,0.5638815083740337,0.001889031704824,False
krr-n32000-seed07,nystrom_krr,7,1600,20,32000,krr-n32000-lambda1-seed07,1.0,0.6055872063732568,0.0008437309886632,False
krr-n32000-seed08,nystrom_krr,8,1600,20,32000,krr-n32000-lambda0.0001-seed08,0.0001,0.5948121804269141,0.0026827639741725,False
krr-n32000-seed08,nystrom_krr,8,1600,20,32000,krr-n32000-lambda0.001-seed08,0.001,0.6478516472124684,0.0016201102552147,False
krr-n32000-seed08,nystrom_krr,8,1600,20,32000,krr-n32000-lambda0.01-seed08,0.01,0.6577225675364204,0.0024456403692497,True
krr-n32000-seed08,nystrom_krr,8,1600,20,32000,krr-n32000-lambda0.1-seed08,0.1,0.6500506329412761,0.002275453246458,False
krr-n32000-seed08,nystrom_krr,8,1600,20,32000,krr-n32000-lambda1-seed08,1.0,0.6274739829329397,0.0021869312393726,False
krr-n32000-seed09,nystrom_krr,9,1600,20,32000,krr-n32000-lambda0.0001-seed09,0.0001,0.5371754114766699,0.0019438042442407,False
krr-n32000-seed09,nystrom_krr,9,1600,20,32000,krr-n32000-lambda0.001-seed09,0.001,0.6062750803536292,0.0009964119900624,False
krr-n32000-seed09,nystrom_krr,9,1600,20,32000,krr-n32000-lambda0.01-seed09,0.01,0.5862228121488802,0.0019404396972473,False
krr-n32000-seed09,nystrom_krr,9,1600,20,32000,krr-n32000-lambda0.1-seed09,0.1,0.6121114564711333,0.0025068015471632,True
krr-n32000-seed09,nystrom_krr,9,1600,20,32000,krr-n32000-lambda1-seed09,1.0,0.6112523682876474,0.0022872277090861,False
krr-n32000-seed10,nystrom_krr,10,1600,20,32000,krr-n32000-lambda0.0001-seed10,0.0001,0.5555560735843071,0.0022860963463493,False
krr-n32000-seed10,nystrom_krr,10,1600,20,32000,krr-n32000-lambda0.001-seed10,0.001,0.583027325585608,0.0018196814188168,False
krr-n32000-seed10,nystrom_krr,10,1600,20,32000,krr-n32000-lambda0.01-seed10,0.01,0.5690851953257665,0.0018198132971834,False
krr-n32000-seed10,nystrom_krr,10,1600,20,32000,krr-n32000-lambda0.1-seed10,0.1,0.658056248710623,0.002407058852379,True
krr-n32000-seed10,nystrom_krr,10,1600,20,32000,krr-n32000-lambda1-seed10,1.0,0.5920871573431846,0.0010331069378153,False
krr-n32000-seed11,nystrom_krr,11,1600,20,32000,krr-n32000-lambda0.0001-seed11,0.0001,0.5469725162991519,0.0018828032504669,False
krr-n32000-seed11,nystrom_krr,11,1600,20,32000,krr-n32000-lambda0.001-seed11,0.001,0.663139968836798,0.0027148047771788,True
krr-n32000-seed11,nystrom_krr,11,1600,20,32000,krr-n32000-lambda0.01-seed11,0.01,0.4949970850838147,0.0012043660913782,False
krr-n32000-seed11,nystrom_krr,11,1600,20,32000,krr-n32000-lambda0.1-seed11,0.1,0.4953076504850167,0.0010125715318765,False
krr-n32000-seed11,nystrom_krr,11,1600,20,32000,krr-n32000-lambda1-seed11,1.0,0.596537326163208,0.0025415690691658,False
krr-n32000-seed12,nystrom_krr,12,1600,20,32000,krr-n32000-lambda0.0001-seed12,0.0001,0.5926671732679263,0.0008703847292993,False
krr-n32000-seed12,nystrom_krr,12,1600,20,32000,krr-n32000-lambda0.001-seed12,0.001,0.5417965022134447,0.0018996690959858,False
krr-n32000-seed12,nystrom_krr,12,1600,20,32000,krr-n32000-lambda0.01-seed12,0.01,0.63207289306259,0.0030170231438886,True
krr-n32000-seed12,nystrom_krr,12,1600,20,32000,krr-n32000-lambda0.1-seed12,0.1,0.5984868622230868,0.0010312035136904,False
krr-n32000-seed12,nystrom_krr,12,1600,20,32000,krr-n32000-lambda1-seed12,1.0,0.5974325029069624,0.0017200883138812,False
krr-n32000-seed13,nystrom_krr,13,1600,20,32000,krr-n32000-lambda0.0001-seed13,0.0001,0.5951835515732644,0.0013766609843685,False
krr-n32000-seed13,nystrom_krr,13,1600,20,32000,krr-n32000-lambda0.001-seed13,0.001,0.6014815248751959,0.000878852433936,True
krr-n32000-seed13,nystrom_krr,13,1600,20,32000,krr-n32000-lambda0.01-seed13,0.01,0.4957436395154861,0.0010956580498916,False
krr-n32000-seed13,nystrom_krr,13,1600,20,32000,krr-n32000-lambda0.1-seed13,0.1,0.4800965543015547,0.0012875718819225,False
krr-n32000-seed13,nystrom_krr,13,1600,20,32000,krr-n32000-lambda1-seed13,1.0,0.5880828486432633,0.0006670521226248,False
krr-n32000-seed14,nystrom_krr,14,1600,20,32000,krr-n32000-lambda0.0001-seed14,0.0001,0.5586141721784711,0.0013108237237483,False
krr-n32000-seed14,nystrom_krr,14,1600,20,32000,krr-n32000-lambda0.001-seed14,0.001,0.6236102272274252,0.0013328400035031,False
krr-n32000-seed14,nystrom_krr,14,1600,20,32000,krr-n32000-lambda0.01-seed14,0.01,0.5515842650043803,0.001319548339005,False
krr-n32000-seed14,nystrom_krr,14,1600,20,32000,krr-n32000-lambda0.1-seed14,0.1,0.6318994725092238,0.001124119701479,False
krr-n32000-seed14,nystrom_krr,14,1600,20,32000,krr-n32000-lambda1-seed14,1.0,0.6843172327628276,0.001817644554277,True
krr-n32000-seed15,nystrom_krr,15,1600,20,32000,krr-n32000-lambda0.0001-seed15,0.0001,0.5918279943751483,0.0023228177489979,False
krr-n32000-seed15,nystrom_krr,15,1600,20,32000,krr-n32000-lambda0.001-seed15,0.001,0.610257107374838,0.0018994330147064,False
krr-n32000-seed15,nystrom_krr,15,1600,20,32000,krr-n32000-lambda0.01-seed15,0.01,0.484382987849547,0.0013821498828328,False
krr-n32000-seed15,nystrom_krr,15,1600,20,32000,krr-n32000-lambda0.1-seed15,0.1,0.5377233658413714,0.0013966876478746,False
krr-n32000-seed15,nystrom_krr,15,1600,20,32000,krr-n32000-lambda1-seed15,1.0,0.64923442827644,0.0016277291983708,True
krr-n32000-seed16,nystrom_krr,16,1600,20,32000,krr-n32000-lambda0.0001-seed16,0.0001,0.6445991297709486,0.0026481919469819,True
krr-n32000-seed16,nystrom_krr,16,1600,20,32000,krr-n32000-lambda0.001-seed16,0.001,0.5406595646991633,0.0015950719848725,False
krr-n32000-seed16,nystrom_krr,16,1600,20,32000,krr-n32000-lambda0.01-seed16,0.01,0.6161262324721947,0.00100403574113,False
krr-n32000-seed16,nystrom_krr,16,1600,20,32000,krr-n32000-lambda0.1-seed16,0.1,0.5554520793681232,0.0018129533058764,False
krr-n32000-seed16,nystrom_krr,16,1600,20,32000,krr-n32000-lambda1-seed16,1.0,0.6252448993107274,0.0020303323632023,False
krr-n32000-seed17,nystrom_krr,17,1600,20,32000,krr-n32000-lambda0.0001-seed17,0.0001,0.6318907596391975,0.0019594400789305,False
krr-n32000-seed17,nystrom_krr,17,1600,20,32000,krr-n32000-lambda0.001-seed17,0.001,0.564725938952394,0.0026229972426362,False
krr-n32000-seed17,nystrom_krr,17,1600,20,32000,krr-n32000-lambda0.01-seed17,0.01,0.533680559551454,0.0012630822729003,False
krr-n32000-seed17,nystrom_krr,17,1600,20,32000,krr-n32000-lambda0.1-seed17,0.1,0.5996300420997365,0.0025517095145439,False
krr-n32000-seed17,nystrom_krr,17,1600,20,32000,krr-n32000-lambda1-seed17,1.0,0.6872054484156253,0.0016648175568471,True
krr-n32000-seed18,nystrom_krr,18,1600,20,32000,krr-n32000-lambda0.0001-seed18,0.0001,0.5575048093466225,0.0020048192279766,False
krr-n32000-seed18,nystrom_krr,18,1600,20,32000,krr-n32000-lambda0.001-seed18,0.001,0.5492561427572888,0.0016968049260549,False
krr-n32000-seed18,nystrom_krr,18,1600,20,32000,krr-n32000-lambda0.01-seed18,0.01,0.6232037744963251,0.0020555794420478,False
krr-n32000-seed18,nystrom_krr,18,1600,20,32000,krr-n32000-lambda0.1-seed18,0.1,0.6247077230702235,0.0026748372394107,True
krr-n32000-seed18,nystrom_krr,18,1600,20,32000,krr-n32000-lambda1-seed18,1.0,0.4982144997704502,0.0012776574920278,False
krr-n32000-seed19,nystrom_krr,19,1600,20,32000,krr-n32000-lambda0.0001-seed19,0.0001,0.6236605914495772,0.0015521254047792,False
krr-n32000-seed19,nystrom_krr,19,1600,20,32000,krr-n32000-lambda0.001-seed19,0.001,0.582334488591782,0.0021334701662397,False
krr-n32000-seed19,nystrom_krr,19,1600,20,32000,krr-n32000-lambda0.01-seed19,0.01,0.5916091795970541,0.0018242017556936,False
krr-n32000-seed19,nystrom_krr,19,1600,20,32000,krr-n32000-lambda0.1-seed19,0.1,0.6875411768380464,0.0015414999074839,True
krr-n32000-seed19,nystrom_krr,19,1600,20,32000,krr-n32000-lambda1-seed19,1.0,0.5824963999960243,0.0020612381631916,False
